{
    "name": "Eva Light Bold",
    "type": "light",
    "$schema": "vscode://schemas/color-theme",
    "colors": {
        "activityBar.activeBackground": "#EBEEF5",
        "activityBar.activeBorder": "#EBEEF5",
        "activityBar.activeFocusBorder": "#4480F4",
        "activityBar.background": "#EBEEF5",
        "activityBar.border": "#EBEEF500",
        "activityBar.dropBorder": "#4480F4",
        "activityBar.foreground": "#787A7F",
        "activityBar.inactiveForeground": "#B3B3B4",
        "activityBarBadge.background": "#598DEF",
        "activityBarBadge.foreground": "#fff",
        "badge.foreground": "#fff",
        "badge.background": "#B3B3B4",
        "banner.background": "#0065ffa8",
        "banner.foreground": "#fff",
        "banner.iconForeground": "#fff",
        "breadcrumb.activeSelectionForeground": "#5D5D5F",
        "breadcrumb.background": "#EBEEF5",
        "breadcrumb.foreground": "#8E8E90",
        "breadcrumb.focusForeground": "#5D5D5F",
        "breadcrumbPicker.background": "#E5E8EF",
        "button.background": "#A0A1A7E5",
        "button.border": "#A0A1A700",
        "button.foreground": "#fff",
        "button.hoverBackground": "#0065FFA8",
        "button.secondaryBackground": "#A0A1A7E5",
        "button.secondaryForeground": "#fff",
        "button.secondaryHoverBackground": "#0065FFA8",
        "button.separator": "#ffffff66",
        "charts.blue": "#437AED",
        "charts.green": "#53A053",
        "charts.orange": "#FF6D12",
        "charts.purple": "#7C4DFF",
        "charts.red": "#f14c4c",
        "charts.yellow": "#F0AA0B",
        "charts.foreground": "#5D5D5F",
        "charts.lines": "#CED1D7",
        "checkbox.background": "#EDF0F7",
        "checkbox.border": "#CED1D7",
        "checkbox.foreground": "#5D5D5F",
        "commandCenter.activeBackground": "#0065ff3f",
        "commandCenter.activeBorder": "#0065FF00",
        "commandCenter.activeForeground": "#535355",
        "commandCenter.background": "#EBEEF5",
        "commandCenter.border": "#EBEEF5",
        "commandCenter.foreground": "#5D5D5F",
        "commandCenter.inactiveBorder": "#EBEEF5",
        "commandCenter.inactiveForeground": "#8E8E90",
        "debugConsole.errorForeground": "#EC0000",
        "debugConsole.infoForeground": "#4480F4",
        "debugConsole.warningForeground": "#FF6D12",
        "debugExceptionWidget.background": "#a315153F",
        "debugExceptionWidget.border": "#a31515",
        "debugIcon.breakpointForeground": "#ec0000",
        "debugToolBar.background": "#E1E4EB",
        "debugToolBar.border": "#E1E4EB",
        "descriptionForeground": "#626264BF",
        "disabledForeground": "#61616180",
        "dropdown.background": "#F1F4FB",
        "dropdown.border": "#CED1D7",
        "dropdown.foreground": "#5D5D5F",
        "dropdown.listBackground": "#F1F4FB",
        "diffEditor.diagonalFill": "#C4C7CD",
        "diffEditor.insertedLineBackground": "#44C14533",
        "diffEditor.insertedTextBackground": "#44C14559",
        "diffEditor.removedLineBackground": "#f14c4c21",
        "diffEditor.removedTextBackground": "#f14c4c33",
        "diffEditor.unchangedCodeBackground": "#EBEEF5",
        "diffEditor.unchangedRegionBackground": "#E4E7EE",
        "diffEditor.unchangedRegionForeground": "#5d5d5f",
        "editor.background": "#EBEEF5",
        "editor.findMatchBackground": "#F8F900",
        "editor.findMatchBorder": "#F8F90000",
        "editor.findMatchHighlightBackground": "#CFD2D9",
        "editor.findMatchHighlightBorder": "#CFD2D900",
        "editor.findRangeHighlightBackground": "#F8F9004C",
        "editor.foldBackground": "#598DEF21",
        "editor.foreground": "#5D5D5F",
        "editor.hoverHighlightBackground": "#CFD2D98C",
        "editor.inactiveSelectionBackground": "#0065ff20",
        "editor.lineHighlightBackground": "#E3E6ED",
        "editor.lineHighlightBorder": "#E3E6ED00",
        "editor.rangeHighlightBackground": "#E3E6ED",
        "editor.selectionBackground": "#0065FF3F",
        "editor.selectionHighlightBackground": "#00BEC459",
        "editor.selectionHighlightBorder": "#00BEC400",
        "editor.snippetFinalTabstopHighlightBackground": "#CFD2D98C",
        "editor.snippetFinalTabstopHighlightBorder": "#BDBDBE",
        "editor.snippetTabstopHighlightBackground": "#CFD2D98C",
        "editor.snippetTabstopHighlightBorder": "#CFD2D900",
        "editor.wordHighlightBackground": "#00BEC459",
        "editor.wordHighlightBorder": "#00BEC400",
        "editor.wordHighlightStrongBackground": "#7C4DFF3F",
        "editor.wordHighlightStrongBorder": "#7C4DFF00",
        "editor.wordHighlightTextBackground": "#00bec459",
        "editor.wordHighlightTextBorder": "#00bec400",
        "editorBracketHighlight.foreground1": "#FF6D12",
        "editorBracketHighlight.foreground2": "#C838C6",
        "editorBracketHighlight.foreground3": "#437AED",
        "editorBracketHighlight.foreground4": "#FF6D12",
        "editorBracketHighlight.foreground5": "#C838C6",
        "editorBracketHighlight.foreground6": "#437AED",
        "editorBracketHighlight.unexpectedBracket.foreground": "#5D5D5FD8",
        "editorBracketMatch.background": "#FC835762",
        "editorBracketMatch.border": "#FC835700",
        "editorBracketPairGuide.activeBackground1": "#FF6D12cc",
        "editorBracketPairGuide.activeBackground2": "#C838C6cc",
        "editorBracketPairGuide.activeBackground3": "#437AEDcc",
        "editorBracketPairGuide.activeBackground4": "#FF6D12cc",
        "editorBracketPairGuide.activeBackground5": "#C838C6cc",
        "editorBracketPairGuide.activeBackground6": "#437AEDcc",
        "editorCodeLens.foreground": "#A9A9AA",
        "editorCursor.background": "#FFFFFF",
        "editorCursor.foreground": "#FC8357",
        "editorError.foreground": "#EC0000",
        "editorGroup.border": "#CED1D7",
        "editorGroup.dropBackground": "#0065FF21",
        "editorGroup.emptyBackground": "#EBEEF500",
        "editorGroup.focusedEmptyBorder": "#4283F5",
        "editorGroupHeader.border": "#EBEEF500",
        "editorGroupHeader.tabsBackground": "#E1E4EB",
        "editorGroupHeader.tabsBorder": "#EBEEF500",
        "editorGroupHeader.noTabsBackground": "#E1E4EB",
        "editorGutter.addedBackground": "#44C145",
        "editorGutter.background": "#EBEEF5",
        "editorGutter.deletedBackground": "#f14c4c",
        "editorGutter.foldingControlForeground": "#000",
        "editorGutter.modifiedBackground": "#9277E6",
        "editorHoverWidget.background": "#F1F4FB",
        "editorHoverWidget.border": "#CED1D7",
        "editorHoverWidget.foreground": "#626264",
        "editorHoverWidget.statusBarBackground": "#F1F4FB",
        "editorIndentGuide.activeBackground1": "#FC8357CC",
        "editorIndentGuide.background1": "#CED1D7",
        "editorInfo.foreground": "#4480F4",
        "editorInlayHint.foreground": "#888",
        "editorLightBulb.foreground": "#F0AA0B",
        "editorLineNumber.activeForeground": "#5D5D5F",
        "editorLineNumber.dimmedForeground": "#B3B3B466",
        "editorLineNumber.foreground": "#B3B3B4",
        "editorLink.activeForeground": "#D73BD5",
        "editorMarkerNavigation.background": "#E3E6ED",
        "editorMarkerNavigationError.background": "#EC0000",
        "editorMarkerNavigationInfo.background": "#598DEF",
        "editorMarkerNavigationWarning.background": "#FF6D12",
        "editorOverviewRuler.addedForeground": "#44C145",
        "editorOverviewRuler.background": "#EBEEF5",
        "editorOverviewRuler.border": "#B3B3B400",
        "editorOverviewRuler.bracketMatchForeground": "#FC835762",
        "editorOverviewRuler.currentContentForeground": "#0065FF3F",
        "editorOverviewRuler.deletedForeground": "#F14C4C",
        "editorOverviewRuler.errorForeground": "#EC0000",
        "editorOverviewRuler.findMatchForeground": "#BEC1C8",
        "editorOverviewRuler.incomingContentForeground": "#45B7464C",
        "editorOverviewRuler.infoForeground": "#4480F4",
        "editorOverviewRuler.modifiedForeground": "#9277E6",
        "editorOverviewRuler.rangeHighlightForeground": "#E5E8EF",
        "editorOverviewRuler.selectionHighlightForeground": "#00BEC4AD",
        "editorOverviewRuler.warningForeground": "#FC8357",
        "editorOverviewRuler.wordHighlightForeground": "#00BEC4AD",
        "editorOverviewRuler.wordHighlightStrongForeground": "#7C4DFF72",
        "editorOverviewRuler.wordHighlightTextForeground": "#00BEC4AD",
        "editorPane.background": "#EBEEF5",
        "editorRuler.foreground": "#B3B3B4",
        "editorSuggestWidget.background": "#F1F4FB",
        "editorSuggestWidget.border": "#CED1D7",
        "editorSuggestWidget.foreground": "#8E8E90",
        "editorSuggestWidget.highlightForeground": "#598DEF",
        "editorSuggestWidget.selectedBackground": "#0065FF33",
        "editorUnnecessaryCode.border": "#A9A9AA",
        "editorUnnecessaryCode.opacity": "#A9A9AAFF",
        "editorWarning.foreground": "#FF6D12",
        "editorWhitespace.foreground": "#B3B3B4",
        "editorWidget.background": "#E1E4EB",
        "editorWidget.border": "#E1E4EB",
        "editorWidget.foreground": "#626264",
        "errorForeground": "#EC0000",
        "extensionButton.background": "#a6a7ae",
        "extensionButton.foreground": "#fff",
        "extensionButton.hoverBackground": "#0065ffa8",
        "extensionBadge.remoteBackground": "#00bec4",
        "extensionBadge.remoteForeground": "#ffffff",
        "extensionButton.prominentForeground": "#fff",
        "extensionButton.prominentBackground": "#499149",
        "extensionButton.prominentHoverBackground": "#0065FFA8", /*377337深绿色*/
        "extensionButton.separator": "#fff",
        "extensionIcon.preReleaseForeground": "#00BEC4",
        "extensionIcon.sponsorForeground": "#FA278E",
        "extensionIcon.starForeground": "#FF6D12",
        "extensionIcon.verifiedForeground": "#4d91f8",
        "focusBorder": "#4480F4",
        "foreground": "#626264",
        "gitDecoration.addedResourceForeground": "#83C654",
        "gitDecoration.conflictingResourceForeground": "#EC0000",
        "gitDecoration.deletedResourceForeground": "#f14c4c",
        "gitDecoration.ignoredResourceForeground": "#A9A9AA",
        "gitDecoration.modifiedResourceForeground": "#7C4DFF",
        "gitDecoration.renamedResourceForeground": "#F3AD01", /*2276FF蓝色*/
        "gitDecoration.submoduleResourceForeground": "#F183DA",
        "gitDecoration.stageDeletedResourceForeground": "#CD6069",
        "gitDecoration.stageModifiedResourceForeground": "#d73bd5",
        "gitDecoration.untrackedResourceForeground": "#3EC141",
        "gitlens.trailingLineBackgroundColor": "#E3E6ED00",
        "gitlens.trailingLineForegroundColor": "#C8CACE",
        "icon.foreground": "#424242",
        "input.background": "#EBEEF5",
        "input.border": "#E1E4EB",
        "input.foreground": "#5D5D5F",
        "input.placeholderForeground": "#B4B7BE",
        "inputOption.activeBackground": "#0065FFA8",
        "inputOption.activeBorder": "#0065FF00",
        "inputOption.activeForeground": "#fff",
        "inputOption.hoverBackground": "#0065ff3f",
        "inputValidation.errorBackground": "#EBEEF5",
        "inputValidation.errorBorder": "#EC0000",
        "inputValidation.errorForeground": "#EC0000",
        "inputValidation.infoBackground": "#EBEEF5",
        "inputValidation.infoBorder": "#4480F4",
        "inputValidation.infoForeground": "#4480F4",
        "inputValidation.warningBackground": "#EBEEF5",
        "inputValidation.warningBorder": "#FF6D12",
        "inputValidation.warningForeground": "#FF6D12",
        "keybindingLabel.background": "#dddddd66",
        "keybindingLabel.border": "#cccccc66",
        "keybindingLabel.bottomBorder": "#bbbbbb66",
        "keybindingLabel.foreground": "#5D5D5F",
        "keybindingTable.headerBackground": "#E1E4EB",
        "keybindingTable.rowsBackground": "#E1E4EB",
        "list.activeSelectionBackground": "#0065FF33",
        "list.activeSelectionForeground": "#5D5D5F",
        "list.dropBackground": "#0065FF21",
        "list.errorForeground": "#EC0000",
        "list.filterMatchBackground": "#FFF",
        "list.focusBackground": "#0065FF33",
        "list.focusForeground": "#5D5D5F",
        "list.focusHighlightForeground": "#598DEF",
        "list.focusOutline": "#0065FF00",
        "list.highlightForeground": "#4283F5",
        "list.hoverBackground": "#0065FF33",
        "list.hoverForeground": "#5D5D5F",
        "list.inactiveFocusBackground": "#0065FF19",
        "list.inactiveFocusOutline": "#0065FF00",
        "list.inactiveSelectionBackground": "#EDF0F7",
        "list.inactiveSelectionForeground": "#5D5D5F",
        "list.invalidItemForeground": "#A9A9AA",
        "list.warningForeground": "#FF6D12",
        "listFilterWidget.background": "#E1E4EB",
        "listFilterWidget.outline": "#FFF",
        "listFilterWidget.noMatchesOutline": "#ff0000",
        "menu.background": "#E1E4EB",
        "menu.foreground": "#5D5D5F",
        "menu.selectionBackground": "#0065FF99",
        "menu.selectionBorder": "#0065FF00",
        "menu.selectionForeground": "#fff",
        "menu.separatorBackground": "#CED1D7",
        "menubar.selectionBackground": "#0065FF99",
        "menubar.selectionBorder": "#0065FF00",
        "menubar.selectionForeground": "#fff",
        "merge.border": "#CED1D7",
        "merge.currentHeaderBackground": "#0065FF30",
        "merge.currentContentBackground": "#0065FF30",
        "merge.incomingHeaderBackground": "#44C1454C",
        "merge.incomingContentBackground": "#44C1454C",
        "mergeEditor.conflict.handledFocused.border": "#4480F4", //focusBorder
        "mergeEditor.conflict.handledUnfocused.border": "#44C145",
        "mergeEditor.conflict.handled.minimapOverViewRuler": "#44C145", //editorOverviewRuler.addedForeground
        "mergeEditor.conflict.unhandled.minimapOverViewRuler": "#FC8357", //editorOverviewRuler.warningForeground
        "mergeEditor.conflict.unhandledFocused.border": "#4480F4",
        "mergeEditor.conflict.unhandledUnfocused.border": "#FC8357",
        "mergeEditor.conflictingLines.background": "#f14c4c21", //diffEditor.removedLineBackground
        "mergeEditor.change.background": "#44C14533", //diffEditor.insertedLineBackground
        "mergeEditor.change.word.background": "#44C14559", //diffEditor.insertedTextBackground
        "minimap.background": "#EBEEF5",
        "minimap.errorHighlight": "#EC00007F",
        "minimap.findMatchHighlight": "#7D80877F",
        "minimap.foregroundOpacity": "#ffffff",
        "minimap.selectionHighlight": "#5F97FFF2",
        "minimap.selectionOccurrenceHighlight": "#BEC1C87F",
        "minimap.warningHighlight": "#FC835799",
        "minimapGutter.addedBackground": "#44C145",
        "minimapGutter.deletedBackground": "#F14C4C",
        "minimapGutter.modifiedBackground": "#9277E6",
        "minimapSlider.activeBackground": "#4F4F5020",
        "minimapSlider.background": "#4F4F5019",
        "minimapSlider.hoverBackground": "#4F4F5020",
        "notifications.background": "#E1E4EB",
        "notifications.border": "#AAADB499",
        "notifications.foreground": "#5D5D5F",
        "notificationCenter.border": "#AAADB499",
        "notificationCenterHeader.background": "#E1E4EB",
        "notificationCenterHeader.foreground": "#5D5D5F",
        "notificationLink.foreground": "#5B87EB",
        "notificationToast.border": "#AAADB499",
        "panel.background": "#EBEEF5",
        "panel.border": "#E1E4EB",
        "panel.dropBorder": "#4480F4",
        "panelInput.border": "#dddddd",
        "panelSection.border": "#E1E4EB",
        "panelSection.dropBackground": "#0065FF21",
        "panelSectionHeader.background": "#E1E4EB",
        "panelSectionHeader.foreground": "#5d5d5f",
        "panelTitle.activeForeground": "#5D5D5F",
        "panelTitle.activeBorder": "#5D5D5F",
        "panelTitle.inactiveForeground": "#A9A9AA",
        "peekView.border": "#BDBDBED8",
        "peekViewEditor.background": "#E5E8EF",
        "peekViewEditor.matchHighlightBackground": "#0065FF19",
        "peekViewEditor.matchHighlightBorder": "#0065FF00",
        "peekViewEditorGutter.background": "#E5E8EF",
        "peekViewResult.background": "#EBEEF5",
        "peekViewResult.fileForeground": "#626264",
        "peekViewResult.lineForeground": "#888",
        "peekViewResult.matchHighlightBackground": "#EBEEF500",
        "peekViewResult.selectionBackground": "#0065FF4C",
        "peekViewResult.selectionForeground": "#626264",
        "peekViewTitle.background": "#EBEEF5",
        "peekViewTitleLabel.foreground": "#626264",
        "peekViewTitleDescription.foreground": "#888",
        "pickerGroup.border": "#4283F5",
        "pickerGroup.foreground": "#4283F5",
        "problemsErrorIcon.foreground": "#EC0000",
        "problemsInfoIcon.foreground": "#4480F4",
        "problemsWarningIcon.foreground": "#FF6D12",
        "profileBadge.background": "#B3B3B4",
        "profileBadge.foreground": "#fff",
        "progressBar.background": "#4d91f8",
        "quickInput.background": "#E1E4EB",
        "quickInput.foreground": "#626264",
        "quickInputList.focusForeground": "#5D5D5F",
        "quickInputList.focusBackground": "#0065FF19",
        "quickInputTitle.background": "#E1E4EB",
        "sash.hoverBorder": "#5e9cfb",
        "scrollbar.shadow": "#AAADB4",
        "scrollbarSlider.activeBackground": "#4F4F502E",
        "scrollbarSlider.background": "#4F4F5020",
        "scrollbarSlider.hoverBackground": "#4F4F502E",
        "selection.background": "#0065FF3F",
        "settings.checkboxBackground": "#F1F4FB",
        "settings.checkboxBorder": "#CED1D7",
        "settings.checkboxForeground": "#5D5D5F",
        "settings.dropdownBackground": "#F1F4FB",
        "settings.dropdownBorder": "#CED1D7",
        "settings.dropdownForeground": "#5D5D5F",
        "settings.dropdownListBorder": "#CED1D7",
        "settings.focusedRowBackground": "#0065FF33",
        "settings.focusedRowBorder": "#0065FF00",
        "settings.rowHoverBackground": "#0065FF19",
        "settings.headerBorder": "#e1e4eb",
        "settings.headerForeground": "#5D5D5F",
        "settings.modifiedItemIndicator": "#7C4DFF",
        "settings.numberInputBackground": "#F1F4FB",
        "settings.numberInputBorder": "#CED1D7",
        "settings.numberInputForeground": "#5D5D5F",
        "settings.sashBorder": "#e1e4eb",
        "settings.textInputBackground": "#F1F4FB",
        "settings.textInputBorder": "#CED1D7",
        "settings.textInputForeground": "#5D5D5F",
        "sideBar.background": "#E1E4EB",
        "sideBar.dropBackground": "#0065FF21",
        "sideBar.foreground": "#626264D8",
        "sideBarSectionHeader.background": "#EBEEF5",
        "sideBarSectionHeader.foreground": "#5D5D5F",
        "sideBarTitle.foreground": "#5D5D5F",
        "statusBar.background": "#E1E4EB",
        "statusBar.border": "#E1E4EB00",
        "statusBar.focusBorder": "#4480F4",
        "statusBar.foreground": "#5D5D5F",
        "statusBar.debuggingBackground": "#a31515",
        "statusBar.debuggingForeground": "#E1E4Eb",
        "statusBar.noFolderBackground": "#E1E4EB",
        "statusBar.noFolderBorder": "#E1E4EB00",
        "statusBar.noFolderForeground": "#5D5D5F",
        "statusBarItem.activeBackground": "#fff",
        "statusBarItem.compactHoverBackground": "#0065ff66",
        "statusBarItem.errorBackground": "#E1E4EB",
        "statusBarItem.errorForeground": "#ec0000",
        "statusBarItem.hoverBackground": "#0065FF33",
        "statusBarItem.prominentBackground": "#E1E4EB",
        "statusBarItem.prominentHoverBackground": "#0065FF33",
        "statusBarItem.remoteBackground": "#00bec4",
        "statusBarItem.remoteForeground": "#ffffff",
        "statusBarItem.warningBackground": "#E1E4EB",
        "statusBarItem.warningForeground": "#ff6d12",
        "symbolIcon.arrayForeground": "#5D5D5F", //颜色同变量
        "symbolIcon.booleanForeground": "#C838C6",
        "symbolIcon.classForeground": "#00BEC4",
        "symbolIcon.constantForeground": "#FF6D12",
        "symbolIcon.constructorForeground": "#437AED",
        "symbolIcon.enumeratorMemberForeground": "#FF6D12",
        "symbolIcon.eventForeground": "#437AED",
        "symbolIcon.fieldForeground": "#CD6069", //颜色同tag
        "symbolIcon.fileForeground": "#626264D8", //颜色同sideBar.foreground
        "symbolIcon.folderForeground": "#5D5D5F", //颜色同sideBarSectionHeader.foreground
        "symbolIcon.functionForeground": "#437AED",
        "symbolIcon.interfaceForeground": "#00BEC4",
        "symbolIcon.keyForeground": "#5D5D5F", //颜色同变量
        "symbolIcon.keywordForeground": "#7C4DFF",
        "symbolIcon.methodForeground": "#437AED",
        "symbolIcon.moduleForeground": "#CD6069",
        "symbolIcon.namespaceForeground": "#CD6069",
        "symbolIcon.nullForeground": "#C838C6",
        "symbolIcon.numberForeground": "#FF6D12",
        "symbolIcon.objectForeground": "#5D5D5F", //颜色同变量
        "symbolIcon.operatorForeground": "#00BEC4",
        "symbolIcon.packageForeground": "#CD6069",
        "symbolIcon.propertyForeground": "#888888", //这条既包含css属性，也包含对象属性
        "symbolIcon.snippetForeground": "#7C4DFF", //颜色同keyword
        "symbolIcon.stringForeground": "#53A053",
        "symbolIcon.structForeground": "#00BEC4",
        "symbolIcon.textForeground": "#A9A9AA", //颜色同注释
        "symbolIcon.typeParameterForeground": "#EF8ED8", //颜色同数据类型
        "symbolIcon.unitForeground": "#FF6D12",
        "symbolIcon.variableForeground": "#5D5D5F", //颜色同变量
        "tab.activeBackground": "#EBEEF5",
        "tab.activeBorder": "#EBEEF500",
        "tab.activeBorderTop": "#EBEEF500",
        "tab.activeForeground": "#5D5D5F",
        "tab.activeModifiedBorder": "#7C4DFF",
        "tab.border": "#AAADB499",
        "tab.hoverBackground": "#0065FF33",
        "tab.hoverBorder": "#0065FF00",
        "tab.hoverForeground": "#5D5D5F",
        "tab.inactiveBackground": "#E1E4EB",
        "tab.inactiveForeground": "#8E8E90",
        "tab.inactiveModifiedBorder": "#7C4DFF",
        "tab.unfocusedActiveBackground": "#EBEEF5",
        "tab.unfocusedActiveBorder": "#EBEEF500",
        "tab.unfocusedActiveBorderTop": "#EBEEF500",
        "tab.unfocusedActiveForeground": "#5D5D5FBF",
        "tab.unfocusedActiveModifiedBorder": "#7C4DFF",
        "tab.unfocusedHoverBackground": "#0065FF33",
        "tab.unfocusedHoverBorder": "#0065FF00",
        "tab.unfocusedHoverForeground": "#5D5D5F",
        "tab.unfocusedInactiveBackground": "#e1e4eb",
        "tab.unfocusedInactiveForeground": "#8E8E90",
        "tab.unfocusedInactiveModifiedBorder": "#7C4DFF",
        "terminal.ansiBlack": "#FAFAFA",
        "terminal.ansiBlue": "#4480F4",
        "terminal.ansiGreen": "#44C145",
        "terminal.ansiCyan": "#00BEC4",
        "terminal.ansiRed": "#EC0000",
        "terminal.ansiMagenta": "#C838C6",
        "terminal.ansiYellow": "#F0AA0B",
        "terminal.ansiWhite": "#000",
        "terminal.ansiBrightBlack": "#AAADB4",
        "terminal.ansiBrightBlue": "#4d91f8",
        "terminal.ansiBrightGreen": "#44C145",
        "terminal.ansiBrightCyan": "#00BEC4",
        "terminal.ansiBrightRed": "#f14c4c",
        "terminal.ansiBrightMagenta": "#EF8ED8",
        "terminal.ansiBrightYellow": "#FF6D12",
        "terminal.ansiBrightWhite": "#888",
        "terminal.background": "#EBEEF5",
        "terminal.border": "#E1E4EB",
        "terminal.foreground": "#5D5D5F",
        "terminal.selectionBackground": "#0065FF3F",
        "terminal.tab.activeBorder": "#5D5D5F",
        "terminalCommandDecoration.defaultBackground": "#5D5D5F00",
        "terminalCommandDecoration.successBackground": "#3EC141",
        "terminalCommandDecoration.errorBackground": "#EC0000",
        "terminalCursor.background": "#FFF",
        "terminalCursor.foreground": "#FC8357",
        "textBlockQuote.background": "#e0e3e9",
        "textBlockQuote.border": "#598DEF",
        "textCodeBlock.background": "#E5E8EF",
        "textLink.activeForeground": "#D73BD5",
        "textLink.foreground": "#4d91f8",
        "textPreformat.foreground": "#FC8357",
        "titleBar.activeBackground": "#EBEEF5",
        "titleBar.activeForeground": "#626264",
        "titleBar.border": "#EBEEF500",
        "titleBar.inactiveBackground": "#EBEEF5",
        "titleBar.inactiveForeground": "#8E8E90",
        "toolbar.hoverBackground": "#0065FF3F",
        "toolbar.hoverOutline": "#0065FF00",
        "toolbar.activeBackground": "#0065FF3F",
        "tree.inactiveIndentGuidesStroke": "#CED1D7",
        "tree.indentGuidesStroke": "#CED1D7",
        "tree.tableColumnsBorder": "#CED1D7", //editorIndentGuide.background1
        "walkThrough.embeddedEditorBackground": "#E1E4EB",
        "walkthrough.stepTitle.foreground": "#000",
        "welcomePage.background": "#EBEEF5",
        "welcomePage.progress.background": "#ebeef5",
        "welcomePage.progress.foreground": "#4d91f8",
        "welcomePage.tileBackground": "#E1E4EB",
        "welcomePage.tileBorder": "#ced1d7",
        "welcomePage.tileHoverBackground": "#0065FF33",
        "widget.shadow": "#AAADB4"
    },
    "semanticHighlighting": false,
    // "semanticTokenColors": {
    //     "variable.parameter":{ "foreground": "","fontStyle": "" },
    // },
    "tokenColors": [
        //All Color Style & Comparison: Light Style Dark (Reason for separate classification of the same style)
        //#7C4DFF bold #A78CFA (In italic Bold : #7C4DFF italic bold #A78CFA)
        //#7C4DFF bold
        //#7C4DFF normal
        //#437AED bold #6495EE
        //#437AED normal #6495EE (In Italic : #437AED Italic #6495EE)
        //#437AED normal
        //#00BEC4 normal #56B7C3 (In Italic : #00BEC4 Italic #56B7C3)
        //#00BEC4 normal
        //#FA278E bold #F02B77
        //#EF8ED8 normal #FF6AB3 (In italic : #EF8ED8 italic #FF6AB3)
        //#EF8ED8 normal #FF6AB3
        //#FF6D12 normal #FF9070 (In Italic : #FF6D12 Italic #FF9070)
        //#FF6D12 normal
        //#F0AA0B bold #E4BF7F (In Italic Bold: #F0AA0B italic bold #E4BF7F)
        //#F0AA0B normal #E4BF7F (In Italic : #F0AA0B Italic #E4BF7F)
        //#F0AA0B normal
        //#53A053 normal #98C379 (In Italic : #53A053 Italic #98C379)
        //#53A053 normal
        //#CD6069 normal #E06C75 (In Italic : #CD6069 Italic #E06C75)
        //#CD6069 normal #E06C75
        //#C838C6 bold #CF68E1 (In Italic : #C838C6 Italic #CF68E1)
        //#C838C6 bold
        //#C838C6 normal
        //#C57BDB normal (In italic : #C57BDB italic)
        //#C57BDB italic
        //#C57BDB normal
        //#5D5D5F bold #B0B7C3 (In Italic : #5D5D5F Italic Bold #B0B7C3)
        //#5D5D5F normal #B0B7C3 (In Italic : #5D5D5F Italic #B0B7C3)
        //#5D5D5F normal
        //#626264 normal #B0B7C3
        //#5D5D5FD8 bold #838FA7
        //#5D5D5FD8 normal
        //#888888 normal #8A97C3 (In Italic : #888888 Italic #8A97C3)
        //#888888 normal
        //#888888D9 normal #838FA7CC
        //#8E8E90 normal #8E99B1 (In Italic : #8E8E90 Italic #8E99B1)
        //#8E8E90 normal #8E99B1
        //#A0A1A7 normal #8792AA (In Italic : #A0A1A7 Italic #8792AA)
        //#A0A1A7 normal #8792AA
        //#A0A1A7F2 normal #79859D
        //#A9A9AA italic #676E95
        //#A9A9AA normal
        //#A9A9AA underline
        //#4480F4 normal
        //#FF6D12 normal #FF8A4C
        //#EC0000 normal #E51400
        //#EC0000 bold
        //#7C4DFF bold (In italic Bold : #7C4DFF italic bold)
        {
            "name": "new | CSS from to,js from | Keyword | js module | ",
            "scope": "keyword.operator.new,keyword.other.new,storage.modifier.c,keyword.control.directive.define,keyword.control.def,keyword.control.class,keyword.control.module,keyword.control.new,keyword.preprocessor.define,keyword.control.directive.undef,keyword.other.fn,storage.type.rust,storage.modifier.extern,storage.modifier.const,storage.modifier.extends,storage.modifier.ts,keyword.control.at-rule,keyword.other.let,keyword.other.instance,keyword.other.newtype,keyword.other.data,keyword.other.module,keyword.other,keyword.other.preprocessor,keyword.cs,entity.other.keyframe-offset,keyword.control.import,keyword.other.import,keyword.import,keyword.control.from,keyword.control.directive.include,keyword.other.package,keyword.other.class,keyword.other.namespace,keyword.other.enum,keyword.other.operator-decl,keyword.other.interface,keyword.preprocessor,keyword.other.delegate,storage.type.cpp,storage.type.namespace,storage.type.language.primitive.cpp,storage.type.struct,storage.type.template,support.type.built-in.posix-reserved.pthread,keyword.other.typedef,storage.modifier.dart,meta.class.identifier.java storage.modifier.java,meta.enum.java storage.modifier.java,storage.type.modifier,storage.modifier,keyword.other.phpdoc,keyword.other.var,storage.modifier.java,meta.var.expr,storage.type.function,keyword.function,keyword.var,keyword.const,keyword.channel,keyword.struct,keyword.other.struct,keyword.map,keyword.reserved,storage.type.class,storage.type.php,storage.type.interface,storage.type.object,keyword.declaration,storage.type.enum,storage.type.type,storage.type.const,storage.modifier.specifier,storage.type.class.jsdoc,support.module.node.js,support.type.object.module.js,support.type.object.module.ts,support.module.node.ts,keyword.control.cite.latex,keyword.control.label.latex,keyword.storage.modifier,source.cs keyword.operator.expression,source.cs storage.type,keyword.other.where,storage.type.delegate,storage.type.operator.cs,keyword.operator.expression.unchecked,keyword.operator.expression.checked,keyword.operator.expression.await,storage.type.record,storage.type.event,storage.type.var,keyword.operator.expression.new,keyword.operator.expression.stackalloc,keyword.operator.expression.infer,keyword.other.item.latex,keyword.local,meta.function.lua keyword.control.lua,storage.type.annotation.lua,",
            "settings": {
                "fontStyle": "bold",
                "foreground": "#7C4DFF"
            }
        },
        //#7C4DFF bold
        {
            "name": "-> | $",
            "scope": "keyword.operator.arrow.skinny,keyword.operator.interpolation,keyword.operator.borrow,meta.preprocessor.cs punctuation.separator.hash.cs,punctuation.definition.directive,keyword.control.directive punctuation.definition.directive.c,keyword.control.directive punctuation.definition.directive.cpp,",
            "settings": {
                "fontStyle": "bold",
                "foreground": "#7C4DFF"
            }
        },
        //#7C4DFF normal
        {
            "name": "Tex: punctuation.definition.keyword",
            "scope": "punctuation.definition.block.tag.jsdoc,punctuation.definition.keyword.latex,keyword.control punctuation.definition.keyword.latex,keyword.other.item.latex punctuation.definition.keyword.latex,",
            "settings": {
                "fontStyle": "",
                "foreground": "#7C4DFF"
            }
        },
        //#437AED bold (In Italic : #437AED italic)
        {
            "name": "support.function | try...catch | Functions,pthread | 单独的函数,C++线程 | less sass里的自定义的代码块名 类似函数 |   [VSCODE-CUSTOM] Markdown Link Title/Description | ",
            "scope": "meta.function-call,support.function.construct.output,invalid.deprecated.gradient.function.css,invalid.deprecated.function.css,support.function.builtin.python,support.function.go,entity.name.function.macro,meta.attribute.rust,new.expr meta.function-call support.class.builtin,new.expr meta.function-call support.class,keyword.operator.function,support.function.dom,support.function.console,support.function.any-method.builtin.url,support.function.any-method.builtin,support.function.url,support.function.misc,support.function.transform,support.function.calc,support.function.var,support.function.string,support.function.basic_functions,support.function.array,support.function.construct,support.function.datetime,support.function.file,support.function.network,support.function.session,support.function.mail,support.function.filter,support.function.errorfunc,support.function.mysql,support.function.php_odbc,support.function.xml,support.function.math,entity.name.type.lifetime.rust,entity.name.class,meta.method.declaration,keyword.control.trycatch,keyword.control.catch-exception,keyword.operator.cast,keyword.operator.big-arrow,entity.name.function,support.type.pthread,meta.block.class.cpp meta.body.class.cpp meta.block.class.cpp entity.name.function.definition.special.constructor.cpp,support.function,keyword.operator.sizeof,meta.function-call.python support.type.python,meta.function-call keyword.operator.expression.import,new.expr.ts,entity.other.attribute-name.class.mixin,support.function.be.latex,keyword.other.special-method,keyword.other.get,keyword.other.init,keyword.other.set,keyword.other.nameof,entity.name.type.delegate.cs,keyword.other.keyof,keyword.operator.expression.keyof,storage.type.accessor.get,storage.type.accessor.set,storage.type.accessor.init,keyword.operator.expression.nameof,keyword.operator.expression.sizeof,keyword.operator.expression.default,",
            "settings": {
                "fontStyle": "bold",
                "foreground": "#437AED"
            }
        },
        //#437AED normal (In Italic : #437AED italic)
        {
            "name": "markdown link title",
            "scope": "string.other.link.title.markdown,string.other.link.description.markdown,",
            "settings": {
                "fontStyle": "",
                "foreground": "#437AED"
            }
        },
        //#437AED bold
        {
            "name": "arrow | 箭头函数 | ",
            "scope": "storage.type.function.arrow,keyword.operator.arrow,keyword.operator.closure,",
            "settings": {
                "fontStyle": "bold",
                "foreground": "#437AED"
            }
        },
        //#437AED normal
        {
            "name": "js template-expression;模板字符串里的${};vue里的{{}} | Markdown里引用块符号 > | [VSCODE-CUSTOM] Markdown List Punctuation Definition;Markdown里定义有序项和无序项的 - * + 1. 2. | Tex: punctuation definition Function | ",
            "scope": "punctuation.definition.template-expression.begin,punctuation.definition.template-expression.end,punctuation.definition.generic.begin.html,punctuation.definition.generic.end.html,punctuation.definition.interpolation.begin.bracket,punctuation.definition.interpolation.end.bracket,support.constant.handlebars.wxml,constant.character.format.placeholder.other.python,punctuation.definition.interpolation.begin.html,punctuation.definition.interpolation.end.html,punctuation.definition.interpolation,punctuation.definition.lifetime.rust,beginning.punctuation.definition.quote.markdown,beginning.punctuation.definition.list.markdown,punctuation.definition.string.begin.markdown,punctuation.definition.string.end.markdown,punctuation.definition.function.latex,punctuation.definition.function.tex,punctuation.definition.link.description.begin.markdown,punctuation.definition.link.description.end.markdown,punctuation.section.embedded.begin.ruby,punctuation.section.embedded.end.ruby source.ruby,",
            "settings": {
                "fontStyle": "",
                "foreground": "#437AED"
            }
        },
        //#00BEC4 normal (In Italic : #00BEC4 Italic)
        {
            "name": "Attributes | pseudo-class;css里的伪类 hover等 和 伪类选择器 如nth-child() | Classes | ",
            "scope": "entity.other.attribute-name,invalid.deprecated.entity.other.attribute-name,entity.name.tag.custom.scss,storage.type.java,entity.other.attribute-name.pseudo-class.css,support.type.property-name.media.css,support.constant.media.css,source.css.less entity.name.tag.custom.css,keyword.operator.gradient.css,entity.name.type,keyword.operator.expression,entity.other.inherited-class,entity.name.type.class,support.class,entity.name.type.interface,support.class.dart,entity.name.scope-resolution,support.type.lua,",
            "settings": {
                "fontStyle": "",
                "foreground": "#00BEC4"
            }
        },
        //#00BEC4 normal
        {
            "name": "keyword Operators increment decrement | 关键字 运算符 + - * / | 自增++ 自减-- | += -= | less sass里的关键字(用于+ -号) | string operator in php | php的string操作符 | 定义namespace符号 | :: | .. | * | discard _ | ",
            "scope": "keyword.operator,keyword.operator.arithmetic,keyword.operator.decrement,keyword.operator.increment,keyword.operator.assignment.compound,keyword.operator.less,keyword.operator.sass,keyword.operator.increment-decrement,keyword.operator.css,entity.name.tag.wildcard.scss,keyword.operator.string,keyword.operator.bitwise,keyword.operator.assignment.augmented,storage.type.variable.ruby,keyword.operator.assignment.arithmetic,punctuation.definition.list.begin.markdown,variable.language.import-all,constant.language.import-export-all,storage.modifier.reference,storage.modifier.pointer,keyword.operator.assignment.rust,meta.directive.vue,punctuation.definition.quote.begin.markdown,meta.format.brace constant,meta.selector invalid.deprecated.combinator,meta.selector,storage.type.operator,entity.name.function.infix.haskell,constant.other.operator.infix.haskell,punctuation.separator.annotation.result.python,keyword.operator.string.php,entity.name.type.struct,keyword.interface,storage.type.cs,support.class.builtin,support.type.graphql,punctuation.separator.namespace,keyword.operator.namespace,entity.other.attribute-name.pseudo-element.css punctuation.definition.entity.css,entity.other.attribute-name.pseudo-class.css punctuation.definition.entity.css,punctuation.attribute-shorthand.event.html,punctuation.attribute-shorthand.bind.html,punctuation.math.operator.latex,support.constant.mathematical-symbols.scss,meta.attribute.directive.vue,keyword.operator.relation.types.julia,keyword.operator.borrow.and.rust,punctuation.separator.key-value.css,keyword.operator.range.cs,punctuation.separator.asterisk,variable.language.discard,punctuation.definition.keyword.tex,",
            "settings": {
                "fontStyle": "",
                "foreground": "#00BEC4"
            }
        },
        //#FA278E bold
        {
            "name": "js ts this super,python self,C++ delete",
            "scope": "variable.language.self,variable.language.this,variable.language.super,variable.language.special.self.python,variable.language.dart,keyword.operator.delete,keyword.operator.expression.delete,keyword.other.important,keyword.other.base,variable.language.base,",
            "settings": {
                "fontStyle": "bold",
                "foreground": "#FA278E"
            }
        },
        //#EF8ED8 normal
        {
            "name": "typeof | support type ts | ts里默认数据类型 | 自定义数据类型 | Markdown里引用语言声明 | ",
            "scope": "support.type,storage.type.glsl,keyword.other.typeof,support.type.primitive,support.type.builtin,entity.name.type.instance,storage.type.string,storage.type.numeric,storage.type.boolean,storage.type.primitive,meta.method.identifier,entity.other.inherited-classentity.name.type.interface,meta.return.type,meta.type.parameters,keyword.interface,storage.type.generic,keyword.type,entity.name.type.type-parameter,storage.type.object.array,entity.name.type.delegate,storage.type.c,meta.declaration.dart,meta.type.declaration,meta.block.ts,meta.class-struct-block.cpp entity.name.type.cpp,meta.function.definition.parameters.cpp storage.type.language.primitive.cpp,meta.function.definition.parameters.cpp storage.type.struct.cpp,meta.function.constructor.cpp storage.type.language.primitive.cpp,storage.type.template.argument,entity.name.type.numeric.rust,storage.modifier.mut,entity.name.type.primitive,storage.type.built-in,support.type.built-in.posix-reserved,keyword.other.type,storage.type.haskell,meta.method.identifier.java storage.type.java,support.type.python,fenced_code.block.language,entity.name.type.parameter,keyword.operator.expression.typeof,",
            "settings": {
                "fontStyle": "",
                "foreground": "#EF8ED8"
            }
        },
        //#FF6D12 normal (In Italic : #FF6D12 Italic)
        {
            "name": "number,unit,数字 | 单位 | constant,非数字的常量 | enum枚举里的元素,Infinity | id,symbol in C# | HTML行间的id和CSS里的id名 | C#中预处理器指令创建符号常量 | URL,math | ",
            "scope": "constant.numeric,entity.other.keyframe-offset.percentage.css,keyword.other.unit,support.constant.dom,support.constant.property.math,support.constant.ext,support.constant.core,constant.other.js,meta.at-rule.keyframes.scss entity.other.attribute-name.scss,constant,variable.other.enummember,constant.other.enum,entity.name.variable.enum-member,constant.language.infinity,text.log constant.language,meta.attribute.id.html entity.other.attribute-name.html,entity.other.attribute-name.id,variable.other.constant.object,",
            "settings": {
                "fontStyle": "",
                "foreground": "#FF6D12"
            }
        },
        //#FF6D12 normal
        {
            "name": "正则字符串里的符号 | ",
            "scope": "constant.other.character-class.regexp,constant.other.character-class.range.regexp,constant.other.character-class.set.regexp,support.constant,support.constant.math,support.constant.json,entity.other.attribute-name.id.css punctuation.definition.entity.css,entity.other.attribute-name.id punctuation.definition.entity.css,",
            "settings": {
                "fontStyle": "",
                "foreground": "#FF6D12"
            }
        },
        //#F0AA0B bold (In Italic Bold: #F0AA0B italic bold)
        {
            "name": "Markdown里的bold | ",
            "scope": "markup.bold.markdown,",
            "settings": {
                "fontStyle": "bold",
                "foreground": "#F0AA0B"
            }
        },
        //#F0AA0B normal (In Italic : #F0AA0B Italic)
        {
            "name": "variable.parameter,keyframe-list,sass,less里的变量 | css3里的关键帧 | Tex: \\label { } | markup bold | Markdown里的bold | ",
            "scope": "variable.parameter,token.variable.parameter,variable.other.jsdoc,variable.language.arguments,function.parameter,entity.name.variable.parameter,meta.function.c,punctuation.vararg-ellipses,variable.other.block.ruby,meta.arguments,entity.name.type.template,meta.type.parameters entity.name.type,meta.parameters,meta.function.parameter variable.other,variable.other.less,variable.other.sass,variable.scss,source.sass variable.other,variable.argument.css,variable.parameter.function.latex,variable.parameter.definition.label.latex,variable.css,",
            "settings": {
                "fontStyle": "",
                "foreground": "#F0AA0B"
            }
        },
        //#F0AA0B normal
        {
            "name": "regexp ^ ?: $ + | ",
            "scope": "keyword.operator.negetion.regexp,keyword.control.anchor.regexp,punctuation.definition.group.capture.regexp,keyword.operator.quantifier.regexp,punctuation.definition.bold.markdown,",
            "settings": {
                "fontStyle": "",
                "foreground": "#F0AA0B"
            }
        },
        //#53A053 normal (In Italic : #53A053 Italic)
        {
            "name": "variable.parameter | css里url文件引用的链接 | Strings | Attribute class;css里的class名 | font-name | css里字体 如 微软雅黑 | [VSCODE-CUSTOM] Markdown Inline Raw | [VSCODE-CUSTOM] Markdown Link/Image | ",
            "scope": "variable.parameter.url,string,markup.inline.raw.string,text.html.vue-html meta.object-literal.key,text.html.vue-html meta.object-literal.key string.quoted,entity.other.attribute-name.class.css,selector.sass,entity.other.attribute-name.parent-selector.css,meta.at-rule.extend.scss,string.other.math.tex,support.constant.font-name,markup.inline.raw.markdown,markup.underline.link.markdown,markup.underline.link.image.markdown,string entity.other.attribute-name,string meta.attribute.directive.vue,constant.other.general.math.tex,constant.character.latex,",
            "settings": {
                "fontStyle": "",
                "foreground": "#53A053"
            }
        },
        //#53A053 normal
        {
            "name": "Regular Expressions;正则表达式 | ",
            "scope": "punctuation.definition.metadata.markdown,string.regexp,source.jsonmeta.structure.dictionary.json>value.json>string.quoted.json,source.jsonmeta.structure.array.json>value.json>string.quoted.json,source.jsonmeta.structure.dictionary.json>value.json>string.quoted.json>punctuation,source.jsonmeta.structure.array.json>value.json>string.quoted.json>punctuation,string.quoted source,punctuation.definition.entity.css,meta.attribute-selector.scss,string invalid.illegal,string.other.math.tex,punctuation.definition.string.begin.tex,punctuation.definition.string.end.tex,punctuation.definition.string,text.html.vue-html meta.object-literal.key punctuation.definition.string,string punctuation.attribute-shorthand.bind.html,string punctuation.attribute-shorthand.event.html,punctuation.definition.string.template.begin,punctuation.definition.string.template.end,punctuation.definition.constant.math.tex,punctuation.definition.constant.latex,",
            "settings": {
                "fontStyle": "",
                "foreground": "#53A053"
            }
        },
        //#CD6069 normal (In italic: #CD6069 italic)
        {
            "name": "module | 模块 | 对象属性名 | namespace | dom,C系语言的命名空间 | console输出台 | pseudo-element;css里的伪元素 before after | [VSCODE-CUSTOM] Markdown headings;Markdown里的标题 和 定义标题的# | section | ",
            "scope": "entity.name.type.module,entity.name.package,variable.other.property,variable.other.object.property,variable.other.constant.property,entity.name.type.option,entity.name.label,variable.other.object.property.cs,entity.name.variable.tuple-element.cs,meta.object-literal.key,meta.object-literal.key string.quoted,variable.object.property,support.type.map.key,meta.at-rule.each.scss,meta.attribute.python,support.variable.dom,support.variable.property,support.variable.property.dom,storage.modifier.import,constant.other.php,entity.name.type.namespace,variable.other.member.c,meta.using-namespace-declaration.cpp entity.name.type.cpp,meta.class-struct-block.cpp meta.namespace-block.cpp entity.name.type.cpp,variable.other.source.dart,entity.name.namespace,entity.name.module,entity.name.type.result.rust,entity.name.scope-resolution.namespace,support.class.console,meta.use.rust,keyword.other.preprocessor.extension,entity.other.attribute-name.pseudo-element.css,entity.name.section.markdown,markup.heading,source.json meta.structure.dictionary.json > string.quoted.json,support.type.property-name.json,support.function.section.latex,meta.object-literal.key punctuation.definition.string,variable.other.constant.object.property,source.cs storage.type.accessor,entity.other.attribute,",
            "settings": {
                "fontStyle": "",
                "foreground": "#CD6069"
            }
        },
        //#CD6069 normal
        {
            "name": "Tags;HTML的标签名 | react组件 | 正则表达式里的关键字 | ",
            "scope": "entity.name.tag,entity.other.attribute-name.parent-selector.css punctuation.definition.entity.css,punctuation.definition.heading.markdown,support.function.section.latex punctuation.definition.function.latex,punctuation.support.type.property-name.begin.json.comments,punctuation.support.type.property-name.end.json.comments,support.class.component,keyword.operator.optional,punctuation.section.embedded.begin.php,punctuation.section.embedded.end.php,punctuation.section.embedded.end.php source.php,string.regexp keyword.other,entity.name.tag.custom.css,keyword.control.equation.newline.latex,keyword.control.newline.tex,source.css meta.selector.css,",
            "settings": {
                "fontStyle": "",
                "foreground": "#CD6069"
            }
        },
        //#C838C6 bold (In Italic : #C838C6 Italic)
        {
            "name": "instanceof | Keyword Control,Using | Constant | 语言常量,包含 true false null undefined等 |  void | loop | ",
            "scope": "keyword.operator.expression.instanceof,keyword.operator.instanceof,keyword.operator.expression.in,keyword.operator.expression.of,keyword.control,keyword.other.using,keyword.preprocessor.elif,keyword.preprocessor.if,keyword.preprocessor.else,keyword.preprocessor.endif,keyword.control.directive,punctuation.separator.hash,keyword.package,keyword.control.flow,keyword.input,keyword.type.graphql,keyword.cmake,keyword.control.rust,keyword.other.rust,keyword.control.default,keyword.control.export,keyword.other.forall,keyword.other.deriving,keyword.other.qualified,keyword.other.hiding,keyword.other.in,constant.language,constant.language.boolean,keyword.operator.expression.void,keyword.control.loop,keyword.control.ref.latex,keyword.operator.relation.in,storage.type.primitive.dart,keyword.query,keyword.other.is,keyword.control.as,keyword.operator.expression.pattern,keyword.operator.expression.query,keyword.operator.expression.as,keyword.operator.expression.with,storage.modifier.where,keyword.operator.expression.is,meta.attribute.unrecognized.wx:if.html entity.other.attribute-name,meta.attribute.unrecognized.wx:for.html entity.other.attribute-name,meta.attribute.unrecognized.wx:elif.html entity.other.attribute-name,meta.attribute.unrecognized.wx:else.html entity.other.attribute-name,keyword.control.preamble.latex,support.function.general.tex,",
            "settings": {
                "fontStyle": "bold",
                "foreground": "#C838C6"
            }
        },
        //#C838C6 bold
        {
            "name": "keyword Operators ternary,logical,comparison,relational,tilde | 三元运算符 ? : | logical | == === != !== | < > <= >= | 正则表达式里的 或| | 波浪号~",
            "scope": "keyword.operator.boolean,keyword.operator.relation,keyword.operator.ternary,keyword.control.ternary,keyword.operator.logical,keyword.operator.comparison,keyword.operator.relational,keyword.operator.or.regexp,keyword.operator.class,keyword.operator.type,keyword.operator.other.ruby,keyword.operator.conditional,punctuation.separator.question-mark,keyword.operator.null-coalescing,punctuation.tilde,punctuation.separator.pointer-access,keyword.operator.dart,keyword.operator.nulltype,keyword.operator.arrow.haskell,keyword.operator.arrow.left.haskell,keyword.control.directive punctuation.definition.directive,keyword.control.equation.align.latex,keyword.operator.bitwise.dart,keyword.control.directive.conditional punctuation.definition.directive.cpp,keyword.control.directive.else punctuation.definition.directive.cpp,keyword.control.directive.endif punctuation.definition.directive.cpp, keyword.control.directive.conditional punctuation.definition.directive.c,keyword.control.directive.else punctuation.definition.directive.c,keyword.control.directive.endif punctuation.definition.directive.c,",
            "settings": {
                "fontStyle": "bold",
                "foreground": "#C838C6"
            }
        },
        //#C838C6 normal
        {
            "name": "Tex punctuation",
            "scope": "keyword.other.item.latex punctuation.definition.keyword.latex,token.debug-token,keyword.control punctuation.definition.function.latex,support.function.general.tex punctuation.definition.function.tex,",
            "settings": {
                "fontStyle": "",
                "foreground": "#C838C6"
            }
        },
        //#C57BDB normal (In italic : #C57BDB italic)
        {
            "name": "support.constant.property-value.scss | css属性值常量 block inline inline-block none solid等 | ",
            "scope": "support.constant.property-value.scss,support.constant.property-value.css,support.constant.vendored.property-value.css,source.css keyword.other.default,",
            "settings": {
                "fontStyle": "",
                "foreground": "#C57BDB"
            }
        },
        //#C57BDB italic
        {
            "name": "Italic;Markdown里的斜体字 | ",
            "scope": "markup.italic",
            "settings": {
                "fontStyle": "italic",
                "foreground": "#C57BDB"
            }
        },
        //#C57BDB normal
        {
            "name": "Markdown里的定义斜体字的符号",
            "scope": "punctuation.definition.italic,",
            "settings": {
                "fontStyle": "",
                "foreground": "#C57BDB"
            }
        },
        //#5D5D5F bold (In Italic : #5D5D5F italic bold)
        {
            "name": "latex bold",
            "scope": "markup.bold.textbf.latex,",
            "settings": {
                "fontStyle": "bold",
                "foreground": "#5D5D5F"
            }
        },
        //#5D5D5F normal (In Italic : #5D5D5F Italic)
        {
            "name": "Variable | 变量 | css color standard name;css 颜色名词 red orange pink plum 等 | Tex: Constant Math | ",
            "scope": "variable.other,support.variable,meta.definition.variable,variable.other.object,variable.other.readwrite,entity.name.type.enum,meta.method.body,entity.name.variable,meta.block.c,meta.class-struct-block,meta.item-access.python,meta.function-call.arguments.python,meta.item-access.arguments.python,variable.parameter.keyframe-list.css,meta.property-value.css,meta.property-value.scss,entity.name.tag.custom,entity.name.function.scss,variable,meta.function-call.c,meta.parens,support.constant.color.w3c-standard-color-name,support.constant.color.w3c-extended-color-name,constant.other.color.rgb-value.hex,constant.other.rgb-value,support.constant.color.w3c-extended-color-name.css,text.tex.latex constant.other.math.tex,constant.other.general.math.tex,constant.other.general.math.tex,constant.character.math.tex,constant.other.reference.citation.latex,code-runner.output,meta.preprocessor.macro entity.name.function.preprocessor,entity.name.type.enum,entity.name.variable.tuple-element,",
            "settings": {
                "fontStyle": "",
                "foreground": "#5D5D5F"
            }
        },
        //#5D5D5F normal
        {
            "name": "Tex: Math \\\\",
            "scope": "punctuation.definition.constant.math.tex,constant.other.math.tex punctuation.definition.function.tex,support.class.math.block.environment.latex punctuation.definition.function.tex,source,source.c,source.cpp,source.ruby,source.go,source.dart,source.python,source.css.less,source.js,punctuation.definition.link.title.begin.markdown,punctuation.definition.link.title.end.markdown,",
            "settings": {
                "fontStyle": "",
                "foreground": "#5D5D5F"
            }
        },
        //#626264 normal
        {
            "name": "text;HTML标签里的文字;Markdown里书写的普通文字",
            "scope": "text.html.basic,text.html.markdown,meta.paragraph.markdown,text.html.php,text.html.derivative,text.html.wxml,text.xml,text.html,source.ignore,source.nginx,text,text.tex.latex,entity.name.section.latex,",
            "settings": {
                "fontStyle": "",
                "foreground": "#626264"
            }
        },
        //#5D5D5FD8 bold
        {
            "name": "Punctuation accessor 点号 .",
            "scope": "keyword.operator.dots,punctuation.accessor,punctuation.separator.period,punctuation.separator.dot-access,punctuation.separator.method,punctuation.other.period,punctuation.dot,meta.delimiter.property.period,keyword.operator.access.dot,keyword.operator.period",
            "settings": {
                "fontStyle": "bold",
                "foreground": "#5D5D5FD8"
            }
        },
        //#5D5D5FD8 normal
        {
            "name": "meta.parameters;scope值不规则的点. 引号 | keyword Operators assignment;等号 = (不包括HTML标签里的=号,把+= -=包含进来了,然后单独设) | block,embedded,definition,bracket,typeparameters;大括号 {},中括号[],圆括号(),尖括号<> | ",
            "scope": "keyword.operator.update,meta.bracket,meta.parameters.js,keyword.operator.assignment,keyword.operator.assignment.equal,keyword.operator.eq,punctuation.section.block.begin.bracket,punctuation.section.block.end.bracket,punctuation.definition.block,punctuation.section.embedded.begin,punctuation.section.embedded.end,meta.brace,punctuation.bracket,punctuation.definition.parameters.ruby,punctuation.definition.parameters.begin,punctuation.definition.parameters.end,punctuation.section.function.begin.bracket,punctuation.section.function.end.bracket,punctuation.definition.typeparameters.begin,punctuation.definition.typeparameters.end,punctuation.section.array.end,punctuation.section.array.begin,punctuation.definition.array.end,punctuation.definition.array.begin,punctuation.section.scope.end,punctuation.section.scope.begin,meta.parameter.object-binding-pattern,punctuation.definition.binding-pattern.object,punctuation.definition.arguments.end,punctuation.definition.arguments.begin,punctuation.definition.begin.bracket,punctuation.definition.end.bracket,punctuation.curlybrace.open,punctuation.curlybrace.close,punctuation.parenthesis.open,punctuation.parenthesis.close,punctuation.squarebracket.open,,punctuation.squarebracket.close,punctuation.section.method.begin,punctuation.section.method.end,punctuation.section.class.begin,punctuation.section.class.end,punctuation.section.enum.begin,punctuation.section.enum.end,punctuation.section.parameters.begin.bracket,punctuation.section.parameters.end.bracket,punctuation.section.parens.begin.bracket,punctuation.section.parens.end.bracket,punctuation.section.arguments.begin.bracket,punctuation.section.arguments.end.bracket,punctuation.separator.arguments,punctuation.section.function.ruby,punctuation.definition.dictionary.begin,punctuation.definition.dictionary.end,punctuation.separator.dictionary.pair,punctuation.separator.array,punctuation.definition.map.begin.bracket,punctuation.definition.map.end.bracket,punctuation.section.function,punctuation.definition.parameters.end.bracket,punctuation.definition.parameters.begin.bracket,punctuation.section.property-list.begin.bracket,punctuation.section.property-list.end.bracket,punctuation.definition.list.begin,punctuation.definition.list.end,punctuation.definition.binding-pattern.array,punctuation.section.embedded.begin.ruby source.ruby,source.cs,punctuation.definition.function.body.begin.bracket,punctuation.definition.function.body.end.bracket,punctuation.definition.modules.begin,punctuation.definition.modules.end,constant.character.brace,punctuation.operation.graphql,punctuation.definition.optional.arguments.begin,punctuation.definition.optional.arguments.end,punctuation.definition.brackets,punctuation.math.begin.bracket,punctuation.math.end.bracket,punctuation.section.angle-brackets,keyword.operator.delete.array.bracket,punctuation.brackets.round,punctuation.brackets.curly,punctuation.brackets.square,punctuation.brackets.attribute,punctuation.definition.attribute,punctuation.brackets,punctuation.definition.bracket,punctuation.definition.character-class.regexp,meta.preprocessor.haskell,punctuation.paren,punctuation.brace,punctuation.parenthesis.begin,punctuation.parenthesis.end,punctuation.section.group.tex,punctuation.definition.arguments.begin.latex,punctuation.definition.arguments.end.latex,punctuation.definition.arguments.latex,meta.group.braces.tex,punctuation.math.begin.bracket.curly,punctuation.math.end.bracket.curly,punctuation.definition.begin.entity,punctuation.definition.end.entity,punctuation.separator.operator,punctuation.definition.arguments.begin,punctuation.definition.arguments.end,punctuation.definition.textit.begin,punctuation.definition.textit.end,punctuation.definition.textbf.begin,punctuation.definition.textbf.end,punctuation.definition.parameters.finish,",
            "settings": {
                "fontStyle": "",
                "foreground": "#5D5D5FD8"
            }
        },
        //#888888 normal (In Italic : #888888 Italic)
        {
            "name": "css Support type;css less sass属性名 如果不填就与support.type同色 | Tex: text | ",
            "scope": "support.type.property-name.css,support.type.vendored.property-name.css,meta.at-rule.each.scss support.constant.property-value.css,source.css.scss,meta.text.normal.tex,meta.function.environment.frame.latex,meta.tag meta.attribute entity.name.label,meta.property-value.css support.type.property-name.media.css,",
            "settings": {
                "fontStyle": "",
                "foreground": "#888888"
            }
        },
        //#888888 normal
        {
            "name": "escape;转义字符 | ",
            "scope": "constant.character.escape,constant.character.entity,",
            "settings": {
                "fontStyle": "",
                "foreground": "#888888"
            }
        },
        //#888888D9 normal
        {
            "name": "curly;CSS里的括号 {} [] ()",
            "scope": "meta.brace.round.css,punctuation.section.property-list.begin.bracket.curly.css,punctuation.section.property-list.end.bracket.curly.css,punctuation.section.function.begin.bracket.round.css,punctuation.section.function.end.bracket.round.css,punctuation.section.media.begin.bracket.curly.css,punctuation.section.media.end.bracket.curly.css,punctuation.definition.parameters.begin.bracket.round.css,punctuation.definition.parameters.end.bracket.round.css,punctuation.section.keyframes.begin.bracket.curly.css,punctuation.section.keyframes.end.bracket.curly.css,punctuation.definition.entity.end.bracket.square.css,punctuation.definition.entity.begin.bracket.square.css,punctuation.section.property-list.begin.bracket.curly.scss,punctuation.section.property-list.end.bracket.curly.scss,punctuation.section.function.scss,punctuation.definition.attribute-selector.begin.bracket.square.scss,punctuation.definition.attribute-selector.end.bracket.square.scss,punctuation.definition.pseudo-class.begin.bracket.round.css,punctuation.definition.pseudo-class.end.bracket.round.css,punctuation.definition.begin.entity.css,punctuation.definition.end.entity.css,",
            "settings": {
                "fontStyle": "",
                "foreground": "#888888D9"
            }
        },
        //#8E8E90 normal (In Italic : #8E8E90 italic)
        {
            "scope": "variable.parameter.url.scss,",
            "settings": {
                "fontStyle": "",
                "foreground": "#8E8E90"
            }
        },
        //#8E8E90 normal
        {
            "name": "Punctuation colon 冒号 : | PHP里的 => 类似JS里的对象里的冒号: | ",
            "scope": "keyword.operator.range,punctuation.separator.key-value,keyword.operator.type.annotation,punctuation.definition.section.case-statement,punctuation.separator.colon,punctuation.separator.other,punctuation.definition.parameters,punctuation.definition.constant.ruby,punctuation.separator.dictionary.key-value,punctuation.section.function.begin.python,meta.property-list.css.sass,sass-script-maps,punctuation.colon,punctuation.separator.initializers,keyword.operator.key-value,punctuation.separator.label,keyword.operator.colon,punctuation.separator.annotation.python,source.ts.embedded.html meta.block.ts,keyword.operator.key.php,keyword.operator.arrow.julia,keyword.operator.ternary.dart,meta.property-list.css punctuation.separator.key-value.css,source.css.embedded.html punctuation.separator.key-value.css,source.css.embedded.html punctuation.attribute-shorthand.bind.html,punctuation.destructuring,",
            "settings": {
                "fontStyle": "",
                "foreground": "#8E8E90"
            }
        },
        {
            "name": "Illegal;非法的 | Broken | Deprecated;不赞成的 | ",
            "scope": "invalid.illegal,invalid.illegal.expected-dictionary-separator.json,invalid.broken,invalid.deprecated,",
            "settings": {
                "fontStyle": "",
                "foreground": "#8E8E90"
            }
        },
        //#A0A1A7 normal (In Italic : #A0A1A7 italic)
        {
            "name": "jsx里的文字 | ",
            "scope": "meta.jsx.children,",
            "settings": {
                "fontStyle": "",
                "foreground": "#A0A1A7"
            }
        },
        //#A0A1A7 normal
        {
            "name": "punctuation;html标签里的</> = | punctuation.definition.markdown;Markdown里引用块符号 ``` | ",
            "scope": "punctuation.definition.tag,meta.tag.inline.any,meta.tag.block.any,meta.tag.any ,meta.tag.structure.any,meta.tag.metadata.script,punctuation.definition.tag.begin,punctuation.definition.tag.end,meta.tag.preprocessor.xml,punctuation.separator.key-value.html,meta.tag.metadata.style.html,meta.tag.attributes.js keyword.operator.assignment,meta.tag.other.html,meta.tag.inline.any.html source.directive.vue meta.brace,punctuation.definition.tag.begin source.js,punctuation.definition.tag.end source.js,punctuation.definition.tag source,source.vue,meta.attribute-selector.scss keyword.operator.scss,punctuation.separator.equals,meta.tag.svg,text.xml.svg meta.tag.style,punctuation.definition.markdown,meta.tag keyword.operator.assignment,meta.tag.xml,punctuation.separator.operator.css,",
            "settings": {
                "fontStyle": "",
                "foreground": "#A0A1A7"
            }
        },
        //#A0A1A7F2 normal
        {
            "name": "Punctuation comma 逗号 ,",
            "scope": "punctuation.separator.comma,punctuation.separator.delimiter,punctuation.separator.list.comma,punctuation.separator.parameter,meta.array.php,punctuation.separator.parameters,punctuation.separator.arguments.python,punctuation.separator.object,meta.function.method.with-arguments.ruby,punctuation.comma,punctuation.separator.element.python,comment.punctuation.comma.sass,meta.at-rule.keyframes.body.css,meta.delimiter.object.comma,punctuation.other.comma,meta.math.block.latex support.function.general.tex,",
            "settings": {
                "fontStyle": "",
                "foreground": "#A0A1A7F2"
            }
        },
        //#A9A9AA italic
        {
            "name": "comment | 注释",
            "scope": "comment,comment markup.link,punctuation.definition.comment,markup.quote.markdown,meta.preprocessor.glsl,",
            "settings": {
                "fontStyle": "italic",
                "foreground": "#A9A9AA"
            }
        },
        //#A9A9AA normal
        {
            "name": "Punctuation Terminator 分号 ; | Punctuation Definition Comment | 注释的定义符号 // /* */ | css里未写完整的属性名 | Markdown里引用块符号 ```",
            "scope": "punctuation.terminator,punctuation.terminator.statement,punctuation.terminator.rule,punctuation.terminator.expression,punctuation.separator.statement,meta.using-namespace-declaration.cpp,invalid.deprecated.semicolon,constant.character.end,punctuation.semi,punctuation.definition.comment,meta.property-name.css,meta.property-list.css,",
            "settings": {
                "fontStyle": "",
                "foreground": "#A9A9AA"
            }
        },
        //#A9A9AA underline
        {
            "name": "Illegal | 无效的 | Unimplemented | 未生效的",
            "scope": "invalid,invalid.unimplemented,",
            "settings": {
                "fontStyle": "underline",
                "foreground": "#A9A9AA"
            }
        },
        //#4480F4 normal
        {
            "scope": "log.info,token.info-token,",
            "settings": {
                "fontStyle": "",
                "foreground": "#4480F4"
            }
        },
        //#FF6D12 normal
        {
            "scope": "token.warn-token,log.warning",
            "settings": {
                "fontStyle": "",
                "foreground": "#FF6D12"
            }
        },
        //#EC0000 normal
        {
            "scope": "token.error-token,log.error,",
            "settings": {
                "fontStyle": "",
                "foreground": "#EC0000"
            }
        },
        //#EC0000 bold
        {
            "scope": "keyword.other.debugger",
            "settings": {
                "fontStyle": "bold",
                "foreground": "#EC0000"
            }
        },
        {
            "name": "diff",
            "scope": "meta.diff.range.unified,meta.diff.header.from-file,meta.diff.header.to-file,punctuation.definition.from-file.diff,punctuation.definition.to-file.diff",
            "settings": {
                "foreground": "#9277E6"
            }
        },
        {
            "name": "inserted.diff",
            "scope": "markup.inserted.diff",
            "settings": {
                "foreground": "#44C145"
            }
        },
        {
            "name": "deleted.diff",
            "scope": "markup.deleted.diff",
            "settings": {
                "foreground": "#f14c4c"
            }
        },
    ]
}