{
    "name": "Eva Dark Bold",
    "type": "dark",
    "$schema": "vscode://schemas/color-theme",
    "colors": {
        "activityBar.activeBackground": "#282c34",
        "activityBar.activeBorder": "#282c34",
        "activityBar.activeFocusBorder": "#4480F4",
        "activityBar.background": "#282c34",
        "activityBar.border": "#282c3400",
        "activityBar.dropBorder": "#4480F4",
        "activityBar.foreground": "#96A4CD",
        "activityBar.inactiveForeground": "#5C617D",
        "activityBarBadge.background": "#598DEF",
        "activityBarBadge.foreground": "#fff",
        "badge.foreground": "#CED5E1",
        "badge.background": "#676E95E5",
        "banner.background": "#598defe6",
        "banner.foreground": "#fff",
        "banner.iconForeground": "#fff",
        "breadcrumb.activeSelectionForeground": "#d7dae0",
        "breadcrumb.background": "#282c34",
        "breadcrumb.foreground": "#8E99B1",
        "breadcrumb.focusForeground": "#d7dae0",
        "breadcrumbPicker.background": "#252830",
        "button.background": "#676E9599",
        "button.border": "#676E9500",
        "button.foreground": "#DCDFE5",
        "button.hoverBackground": "#598DEFE6",
        "button.secondaryBackground": "#676E9599",
        "button.secondaryForeground": "#DCDFE5",
        "button.secondaryHoverBackground": "#598DEFE6",
        "button.separator": "#dcdfe566",
        "charts.blue": "#6495EE",
        "charts.green": "#98C379",
        "charts.orange": "#FF9070",
        "charts.purple": "#A78CFA",
        "charts.red": "#f14c4c",
        "charts.yellow": "#E4BF7F",
        "charts.foreground": "#B0B7C3",
        "charts.lines": "#454963",
        "checkbox.background": "#21252B",
        "checkbox.border": "#181a1f",
        "checkbox.foreground": "#B0B7C3",
        "commandCenter.activeBackground": "#598def72",
        "commandCenter.activeBorder": "#598DEF00",
        "commandCenter.activeForeground": "#E1E4EA",
        "commandCenter.background": "#282c34",
        "commandCenter.border": "#282c34",
        "commandCenter.foreground": "#9DA5B3",
        "commandCenter.inactiveBorder": "#282c34",
        "commandCenter.inactiveForeground": "#676e95",
        "debugConsole.errorForeground": "#E51400",
        "debugConsole.infoForeground": "#4480F4",
        "debugConsole.warningForeground": "#FF8A4C",
        "debugExceptionWidget.background": "#a3151533",
        "debugExceptionWidget.border": "#a31515",
        "debugIcon.breakpointForeground": "#E51400",
        "debugToolBar.background": "#21252B",
        "debugToolBar.border": "#21252B",
        "descriptionForeground": "#B0B7C3BF",
        "disabledForeground": "#cccccc80",
        "dropdown.background": "#23272F",
        "dropdown.border": "#181A1F",
        "dropdown.foreground": "#9DA5B3",
        "dropdown.listBackground": "#23272F",
        "diffEditor.diagonalFill": "#5F668B",
        "diffEditor.insertedLineBackground": "#4EC15019",
        "diffEditor.insertedTextBackground": "#4EC15033",
        "diffEditor.removedLineBackground": "#f14c4c33",
        "diffEditor.removedTextBackground": "#f14c4c4C",
        "diffEditor.unchangedCodeBackground": "#282c34",
        "diffEditor.unchangedRegionBackground": "#252931",
        "diffEditor.unchangedRegionForeground": "#B0B7C3",
        "editor.background": "#282c34",
        "editor.findMatchBackground": "#F8F900",
        "editor.findMatchBorder": "#F8F90000",
        "editor.findMatchHighlightBackground": "#324464",
        "editor.findMatchHighlightBorder": "#32446400",
        "editor.findRangeHighlightBackground": "#F8F9004C",
        "editor.foldBackground": "#32446469",
        "editor.foreground": "#9DA5B3",
        "editor.hoverHighlightBackground": "#32446499",
        "editor.inactiveSelectionBackground": "#598def2d",
        "editor.lineHighlightBackground": "#2F323C",
        "editor.lineHighlightBorder": "#2F323C00",
        "editor.rangeHighlightBackground": "#2F323C",
        "editor.selectionBackground": "#598DEF59",
        "editor.selectionHighlightBackground": "#0080997F",
        "editor.selectionHighlightBorder": "#00809900",
        "editor.snippetFinalTabstopHighlightBackground": "#32446499",
        "editor.snippetFinalTabstopHighlightBorder": "#5F668B",
        "editor.snippetTabstopHighlightBackground": "#32446499",
        "editor.snippetTabstopHighlightBorder": "#32446400",
        "editor.wordHighlightBackground": "#0080997F",
        "editor.wordHighlightBorder": "#00809900",
        "editor.wordHighlightStrongBackground": "#A78CFA72",
        "editor.wordHighlightStrongBorder": "#A78CFA00",
        "editor.wordHighlightTextBackground": "#0080997f",
        "editor.wordHighlightTextBorder": "#00809900",
        "editorBracketHighlight.foreground1": "#E4BF7F",
        "editorBracketHighlight.foreground2": "#CF68E1",
        "editorBracketHighlight.foreground3": "#6495EE",
        "editorBracketHighlight.foreground4": "#E4BF7F",
        "editorBracketHighlight.foreground5": "#CF68E1",
        "editorBracketHighlight.foreground6": "#6495EE",
        "editorBracketHighlight.unexpectedBracket.foreground": "#838FA7",
        "editorBracketMatch.background": "#FF90707F",
        "editorBracketMatch.border": "#FF907000",
        "editorBracketPairGuide.activeBackground1": "#E4BF7Fcc",
        "editorBracketPairGuide.activeBackground2": "#CF68E1cc",
        "editorBracketPairGuide.activeBackground3": "#6495EEcc",
        "editorBracketPairGuide.activeBackground4": "#E4BF7Fcc",
        "editorBracketPairGuide.activeBackground5": "#CF68E1cc",
        "editorBracketPairGuide.activeBackground6": "#6495EEcc",
        "editorCodeLens.foreground": "#676E95",
        "editorCursor.background": "#FFFFFF",
        "editorCursor.foreground": "#FF9070",
        "editorError.foreground": "#E51400",
        "editorGroup.border": "#181A1F",
        "editorGroup.dropBackground": "#598DEF4C",
        "editorGroup.emptyBackground": "#282c3400",
        "editorGroup.focusedEmptyBorder": "#5889EA",
        "editorGroupHeader.border": "#282c3400",
        "editorGroupHeader.tabsBackground": "#21252B",
        "editorGroupHeader.tabsBorder": "#282c3400",
        "editorGroupHeader.noTabsBackground": "#21252B",
        "editorGutter.addedBackground": "#40AD41",
        "editorGutter.background": "#282c34",
        "editorGutter.deletedBackground": "#F14C4C",
        "editorGutter.foldingControlForeground": "#FFF",
        "editorGutter.modifiedBackground": "#A78CFA",
        "editorHoverWidget.background": "#23272F",
        "editorHoverWidget.border": "#181A1F",
        "editorHoverWidget.foreground": "#B0B7C3",
        "editorHoverWidget.statusBarBackground": "#23272F",
        "editorIndentGuide.activeBackground1": "#FF9070BF",
        "editorIndentGuide.background1": "#454963",
        "editorInfo.foreground": "#4480F4",
        "editorInlayHint.foreground": "#8A97C3",
        "editorLightBulb.foreground": "#E4BF7F",
        "editorLineNumber.activeForeground": "#9DA5B3",
        "editorLineNumber.dimmedForeground": "#53577372",
        "editorLineNumber.foreground": "#535773",
        "editorLink.activeForeground": "#D365E5",
        "editorMarkerNavigation.background": "#2F323B",
        "editorMarkerNavigationError.background": "#E51400",
        "editorMarkerNavigationInfo.background": "#598DEF",
        "editorMarkerNavigationWarning.background": "#FF8A4C",
        "editorOverviewRuler.addedForeground": "#40AD41",
        "editorOverviewRuler.background": "#282c34",
        "editorOverviewRuler.border": "#5F668B00",
        "editorOverviewRuler.bracketMatchForeground": "#FF90707F",
        "editorOverviewRuler.currentContentForeground": "#598DEF59",
        "editorOverviewRuler.deletedForeground": "#f14c4c",
        "editorOverviewRuler.errorForeground": "#E51400",
        "editorOverviewRuler.findMatchForeground": "#EEF3FF7F",
        "editorOverviewRuler.incomingContentForeground": "#45B7463F",
        "editorOverviewRuler.infoForeground": "#4480F4",
        "editorOverviewRuler.modifiedForeground": "#A78CFA",
        "editorOverviewRuler.rangeHighlightForeground": "#2D3039",
        "editorOverviewRuler.selectionHighlightForeground": "#008099BF",
        "editorOverviewRuler.warningForeground": "#FF8A4C",
        "editorOverviewRuler.wordHighlightForeground": "#008099BF",
        "editorOverviewRuler.wordHighlightStrongForeground": "#A78CFABF",
        "editorOverviewRuler.wordHighlightTextForeground": "#008099BF",
        "editorPane.background": "#282c34",
        "editorRuler.foreground": "#676E95",
        "editorSuggestWidget.background": "#23272F",
        "editorSuggestWidget.border": "#181A1F",
        "editorSuggestWidget.foreground": "#8E99B1",
        "editorSuggestWidget.highlightForeground": "#4480F4",
        "editorSuggestWidget.selectedBackground": "#598DEF64",
        "editorUnnecessaryCode.border": "#676E95",
        "editorUnnecessaryCode.opacity": "#676E95FF",
        "editorWarning.foreground": "#FF8A4C",
        "editorWhitespace.foreground": "#60678E",
        "editorWidget.background": "#21252B",
        "editorWidget.border": "#21252B",
        "editorWidget.foreground": "#b0b7c3",
        "errorForeground": "#E51400",
        "extensionButton.background": "#4b516a",
        "extensionButton.foreground": "#DCDFE5",
        "extensionButton.hoverBackground": "#598DEFE6",
        "extensionBadge.remoteBackground": "#56B7C3",
        "extensionBadge.remoteForeground": "#ffffff",
        "extensionButton.prominentForeground": "#fff",
        "extensionButton.prominentBackground": "#499149",
        "extensionButton.prominentHoverBackground": "#598DEFE6", /*377337深绿色*/
        "extensionButton.separator": "#DCDFE5",
        "extensionIcon.preReleaseForeground": "#56B7C3", //#7BBE54
        "extensionIcon.sponsorForeground": "#F02B77",
        "extensionIcon.starForeground": "#FF8A4C",
        "extensionIcon.verifiedForeground": "#4283f5",
        "focusBorder": "#4480F4",
        "foreground": "#B0B7C3",
        "gitDecoration.addedResourceForeground": "#98C379",
        "gitDecoration.conflictingResourceForeground": "#E51400",
        "gitDecoration.deletedResourceForeground": "#F14C4C",
        "gitDecoration.ignoredResourceForeground": "#676E95",
        "gitDecoration.modifiedResourceForeground": "#A78CFA",
        "gitDecoration.renamedResourceForeground": "#E4BF7F", /*518DFF蓝色*/
        "gitDecoration.submoduleResourceForeground": "#FF6AB3",
        "gitDecoration.stageDeletedResourceForeground": "#E06C75",
        "gitDecoration.stageModifiedResourceForeground": "#D365E5",
        "gitDecoration.untrackedResourceForeground": "#3EC141",
        "gitlens.trailingLineBackgroundColor": "#2F323B00",
        "gitlens.trailingLineForegroundColor": "#50567C",
        "icon.foreground": "#c5c5c5",
        "input.background": "#282c34",
        "input.border": "#21252B",
        "input.foreground": "#9DA5B3",
        "input.placeholderForeground": "#5E658B",
        "inputOption.activeBackground": "#598DEFE6",
        "inputOption.activeBorder": "#598DEF00",
        "inputOption.activeForeground": "#fff",
        "inputOption.hoverBackground": "#4283F58F",
        "inputValidation.errorBackground": "#21252B",
        "inputValidation.errorBorder": "#E51400",
        "inputValidation.errorForeground": "#E51400",
        "inputValidation.infoBackground": "#21252B",
        "inputValidation.infoBorder": "#4480F4",
        "inputValidation.infoForeground": "#4480F4",
        "inputValidation.warningBackground": "#21252B",
        "inputValidation.warningBorder": "#FF8A4C",
        "inputValidation.warningForeground": "#FF8A4C",
        "keybindingLabel.background": "#8080802b",
        "keybindingLabel.border": "#33333399",
        "keybindingLabel.bottomBorder": "#44444499",
        "keybindingLabel.foreground": "#d7dae0",
        "keybindingTable.headerBackground": "#21252B",
        "keybindingTable.rowsBackground": "#21252B",
        "list.activeSelectionBackground": "#598DEF66",
        "list.activeSelectionForeground": "#d7dae0",
        "list.dropBackground": "#598DEF4C",
        "list.errorForeground": "#E51400",
        "list.filterMatchBackground": "#FFF",
        "list.focusBackground": "#598DEF66",
        "list.focusForeground": "#d7dae0",
        "list.focusHighlightForeground": "#4480F4",
        "list.focusOutline": "#598DEF00",
        "list.highlightForeground": "#5889EA",
        "list.hoverBackground": "#598DEF66",
        "list.hoverForeground": "#d7dae0",
        "list.inactiveFocusBackground": "#598DEF3F",
        "list.inactiveFocusOutline": "#598DEF00",
        "list.inactiveSelectionBackground": "#30333D",
        "list.inactiveSelectionForeground": "#d7dae0",
        "list.invalidItemForeground": "#676E95",
        "list.warningForeground": "#FF8A4C",
        "listFilterWidget.background": "#21252B",
        "listFilterWidget.outline": "#fff",
        "listFilterWidget.noMatchesOutline": "#ff0000",
        "menu.background": "#21252b",
        "menu.foreground": "#8E99B1",
        "menu.selectionBackground": "#598DEFB3",
        "menu.selectionBorder": "#598DEF00",
        "menu.selectionForeground": "#E1E4EA",
        "menu.separatorBackground": "#454963",
        "menubar.selectionBackground": "#598DEFB3",
        "menubar.selectionBorder": "#598DEF00",
        "menubar.selectionForeground": "#E1E4EA",
        "merge.border": "#181A1F",
        "merge.currentHeaderBackground": "#598DEF33",
        "merge.currentContentBackground": "#598DEF33",
        "merge.incomingHeaderBackground": "#4EC15033",
        "merge.incomingContentBackground": "#4EC15033",
        "mergeEditor.conflict.handledFocused.border": "#4480F4", //focusBorder
        "mergeEditor.conflict.handledUnfocused.border": "#40AD41",
        "mergeEditor.conflict.handled.minimapOverViewRuler": "#40AD41", //editorOverviewRuler.addedForeground
        "mergeEditor.conflict.unhandled.minimapOverViewRuler": "#FF8A4C", //editorOverviewRuler.warningForeground
        "mergeEditor.conflict.unhandledFocused.border": "#4480F4",
        "mergeEditor.conflict.unhandledUnfocused.border": "#FF8A4C",
        "mergeEditor.conflictingLines.background": "#f14c4c33", //diffEditor.removedLineBackground
        "mergeEditor.change.background": "#4EC15019", //diffEditor.insertedLineBackground
        "mergeEditor.change.word.background": "#4EC15033", //diffEditor.insertedTextBackground
        "minimap.background": "#282c34",
        "minimap.errorHighlight": "#E514007F",
        "minimap.findMatchHighlight": "#D0D5E17F",
        "minimap.foregroundOpacity": "#000000",
        "minimap.selectionHighlight": "#5F97FFF2",
        "minimap.selectionOccurrenceHighlight": "#5759647F",
        "minimap.warningHighlight": "#FF8A4C7F",
        "minimapGutter.addedBackground": "#40AD41",
        "minimapGutter.deletedBackground": "#F14C4C",
        "minimapGutter.modifiedBackground": "#A78CFA",
        "minimapSlider.activeBackground": "#A2ABE533",
        "minimapSlider.background": "#A2ABE519",
        "minimapSlider.hoverBackground": "#A2ABE533",
        "notifications.background": "#21252b",
        "notifications.border": "#181A1F",
        "notifications.foreground": "#B0B7C3",
        "notificationCenter.border": "#181A1F",
        "notificationCenterHeader.background": "#21252b",
        "notificationCenterHeader.foreground": "#B0B7C3",
        "notificationLink.foreground": "#598DEF",
        "notificationToast.border": "#181A1F",
        "panel.background": "#282c34",
        "panel.border": "#21252B",
        "panel.dropBorder": "#4480F4",
        "panelInput.border": "#21252b",
        "panelSection.border": "#21252B",
        "panelSection.dropBackground": "#598DEF4C",
        "panelSectionHeader.background": "#21252B",
        "panelSectionHeader.foreground": "#B0B7C3",
        "panelTitle.activeForeground": "#B0B7C3",
        "panelTitle.activeBorder": "#B0B7C3",
        "panelTitle.inactiveForeground": "#676E95",
        "peekView.border": "#535773",
        "peekViewEditor.background": "#2D3039",
        "peekViewEditor.matchHighlightBackground": "#598DEF33",
        "peekViewEditor.matchHighlightBorder": "#598DEF00",
        "peekViewEditorGutter.background": "#2D3039",
        "peekViewResult.background": "#282c34",
        "peekViewResult.fileForeground": "#9DA5B3",
        "peekViewResult.lineForeground": "#8E99B1",
        "peekViewResult.matchHighlightBackground": "#282c3400",
        "peekViewResult.selectionBackground": "#598DEFA5",
        "peekViewResult.selectionForeground": "#d7dae0",
        "peekViewTitle.background": "#282c34",
        "peekViewTitleLabel.foreground": "#9DA5B3",
        "peekViewTitleDescription.foreground": "#8E99B1",
        "pickerGroup.border": "#4480F4",
        "pickerGroup.foreground": "#4480F4",
        "problemsErrorIcon.foreground": "#E51400",
        "problemsInfoIcon.foreground": "#4480F4",
        "problemsWarningIcon.foreground": "#FF8A4C",
        "profileBadge.background": "#676E95E5",
        "profileBadge.foreground": "#CED5E1",
        "progressBar.background": "#4283F5",
        "quickInput.background": "#21252B",
        "quickInput.foreground": "#B0B7C3",
        "quickInputList.focusForeground": "#d7dae0",
        "quickInputList.focusBackground": "#598DEF3F",
        "quickInputTitle.background": "#21252B",
        "sash.hoverBorder": "#598DEF",
        "scrollbar.shadow": "#000",
        "scrollbarSlider.activeBackground": "#A2ABE54C",
        "scrollbarSlider.background": "#A2ABE533",
        "scrollbarSlider.hoverBackground": "#A2ABE54C",
        "selection.background": "#598DEF59",
        "settings.checkboxBackground": "#23272F",
        "settings.checkboxBorder": "#181A1F",
        "settings.checkboxForeground": "#9DA5B3",
        "settings.dropdownBackground": "#23272F",
        "settings.dropdownBorder": "#181A1F",
        "settings.dropdownForeground": "#9DA5B3",
        "settings.dropdownListBorder": "#181A1F",
        "settings.focusedRowBackground": "#598DEF66",
        "settings.focusedRowBorder": "#598DEF00",
        "settings.rowHoverBackground": "#598DEF3F",
        "settings.headerBorder": "#21252b",
        "settings.headerForeground": "#d7dae0",
        "settings.modifiedItemIndicator": "#A78CFA",
        "settings.numberInputBackground": "#23272F",
        "settings.numberInputBorder": "#181A1F",
        "settings.numberInputForeground": "#9DA5B3",
        "settings.sashBorder": "#21252b",
        "settings.textInputBackground": "#23272F",
        "settings.textInputBorder": "#181A1F",
        "settings.textInputForeground": "#9DA5B3",
        "sideBar.background": "#21252B",
        "sideBar.dropBackground": "#598DEF4C",
        "sideBar.foreground": "#8E99B1",
        "sideBarSectionHeader.background": "#282c34",
        "sideBarSectionHeader.foreground": "#9DA5B3",
        "sideBarTitle.foreground": "#9DA5B3",
        "statusBar.background": "#21252B",
        "statusBar.border": "#21252B00",
        "statusBar.focusBorder": "#4480F4",
        "statusBar.foreground": "#9DA5B3",
        "statusBar.debuggingBackground": "#6c2022",
        "statusBar.debuggingForeground": "#DDE0E6",
        "statusBar.noFolderBackground": "#21252B",
        "statusBar.noFolderBorder": "#21252b00",
        "statusBar.noFolderForeground": "#9DA5B3",
        "statusBarItem.activeBackground": "#000",
        "statusBarItem.compactHoverBackground": "#598defB3",
        "statusBarItem.errorBackground": "#21252B",
        "statusBarItem.errorForeground": "#e51400",
        "statusBarItem.hoverBackground": "#598DEF66",
        "statusBarItem.prominentBackground": "#21252B",
        "statusBarItem.prominentHoverBackground": "#598DEF66",
        "statusBarItem.remoteBackground": "#56B7C3",
        "statusBarItem.remoteForeground": "#ffffff",
        "statusBarItem.warningBackground": "#21252B",
        "statusBarItem.warningForeground": "#ff8a4c",
        "symbolIcon.arrayForeground": "#B0B7C3", //颜色同变量
        "symbolIcon.booleanForeground": "#CF68E1",
        "symbolIcon.classForeground": "#56B7C3",
        "symbolIcon.constantForeground": "#FF9070",
        "symbolIcon.constructorForeground": "#6495EE",
        "symbolIcon.enumeratorMemberForeground": "#FF9070",
        "symbolIcon.eventForeground": "#6495EE",
        "symbolIcon.fieldForeground": "#E06C75", //颜色同tag
        "symbolIcon.fileForeground": "#8E99B1", //颜色同sideBar.foreground
        "symbolIcon.folderForeground": "#9DA5B3", //颜色同sideBarSectionHeader.foreground
        "symbolIcon.functionForeground": "#6495EE",
        "symbolIcon.interfaceForeground": "#56B7C3",
        "symbolIcon.keyForeground": "#B0B7C3", //颜色同变量
        "symbolIcon.keywordForeground": "#A78CFA",
        "symbolIcon.methodForeground": "#6495EE",
        "symbolIcon.moduleForeground": "#E06C75",
        "symbolIcon.namespaceForeground": "#E06C75",
        "symbolIcon.nullForeground": "#CF68E1",
        "symbolIcon.numberForeground": "#FF9070",
        "symbolIcon.objectForeground": "#B0B7C3", //颜色同变量
        "symbolIcon.operatorForeground": "#56B7C3",
        "symbolIcon.packageForeground": "#E06C75",
        "symbolIcon.propertyForeground": "#8A97C3", //这条既包含css属性，也包含对象属性
        "symbolIcon.snippetForeground": "#A78CFA", //颜色同keyword
        "symbolIcon.stringForeground": "#98c379",
        "symbolIcon.structForeground": "#56B7C3",
        "symbolIcon.textForeground": "#676E95", //颜色同注释
        "symbolIcon.typeParameterForeground": "#FF6AB3", //颜色同数据类型
        "symbolIcon.unitForeground": "#FF9070",
        "symbolIcon.variableForeground": "#B0B7C3", //颜色同变量
        "tab.activeBackground": "#282c34",
        "tab.activeBorder": "#282c3400",
        "tab.activeBorderTop": "#282c3400",
        "tab.activeForeground": "#d7dae0",
        "tab.activeModifiedBorder": "#A78CFA",
        "tab.border": "#181A1F",
        "tab.hoverBackground": "#598DEF66",
        "tab.hoverBorder": "#598DEF00",
        "tab.hoverForeground": "#d7dae0",
        "tab.inactiveBackground": "#21252B",
        "tab.inactiveForeground": "#676E95",
        "tab.inactiveModifiedBorder": "#A78CFA",
        "tab.unfocusedActiveBackground": "#282c34",
        "tab.unfocusedActiveBorder": "#282c3400",
        "tab.unfocusedActiveBorderTop": "#282c3400",
        "tab.unfocusedActiveForeground": "#d7dae0BF",
        "tab.unfocusedActiveModifiedBorder": "#A78CFA",
        "tab.unfocusedHoverBackground": "#598DEF66",
        "tab.unfocusedHoverBorder": "#598DEF00",
        "tab.unfocusedHoverForeground": "#d7dae0",
        "tab.unfocusedInactiveBackground": "#21252b",
        "tab.unfocusedInactiveForeground": "#676E95",
        "tab.unfocusedInactiveModifiedBorder": "#A78CFA",
        "terminal.ansiBlack": "#000",
        "terminal.ansiBlue": "#4283F5",
        "terminal.ansiGreen": "#4EC150",
        "terminal.ansiCyan": "#56B7C3",
        "terminal.ansiRed": "#e51400",
        "terminal.ansiMagenta": "#CF68E1",
        "terminal.ansiYellow": "#E4BF7F",
        "terminal.ansiWhite": "#fff",
        "terminal.ansiBrightBlack": "#676E95",
        "terminal.ansiBrightBlue": "#6495EE",
        "terminal.ansiBrightGreen": "#4EC150",
        "terminal.ansiBrightCyan": "#56B7C3",
        "terminal.ansiBrightRed": "#f14c4c",
        "terminal.ansiBrightMagenta": "#FF6AB3",
        "terminal.ansiBrightYellow": "#FF8A4C",
        "terminal.ansiBrightWhite": "#8A97C3",
        "terminal.background": "#282c34",
        "terminal.border": "#21252B",
        "terminal.foreground": "#B0B7C3",
        "terminal.selectionBackground": "#598DEF59",
        "terminal.tab.activeBorder": "#d7dae0",
        "terminalCommandDecoration.defaultBackground": "#B0B7C300",
        "terminalCommandDecoration.successBackground": "#3EC141",
        "terminalCommandDecoration.errorBackground": "#e51400",
        "terminalCursor.background": "#FFF",
        "terminalCursor.foreground": "#FF9070",
        "textBlockQuote.background": "#31353c",
        "textBlockQuote.border": "#4283F5",
        "textCodeBlock.background": "#181A1F",
        "textLink.activeForeground": "#D365E5",
        "textLink.foreground": "#4283F5",
        "textPreformat.foreground": "#FF9070",
        "titleBar.activeBackground": "#282c34",
        "titleBar.activeForeground": "#8E99B1",
        "titleBar.border": "#282c3400",
        "titleBar.inactiveBackground": "#282C34",
        "titleBar.inactiveForeground": "#676E95",
        "toolbar.hoverBackground": "#4283F58F",
        "toolbar.hoverOutline": "#4283F500",
        "toolbar.activeBackground": "#4283F58F",
        "tree.inactiveIndentGuidesStroke": "#454963",
        "tree.indentGuidesStroke": "#454963",
        "tree.tableColumnsBorder": "#454963", //editorIndentGuide.background1
        "walkThrough.embeddedEditorBackground": "#21252B",
        "walkthrough.stepTitle.foreground": "#fff",
        "welcomePage.background": "#282c34",
        "welcomePage.progress.background": "#282c34",
        "welcomePage.progress.foreground": "#4283F5",
        "welcomePage.tileBackground": "#21252B",
        "welcomePage.tileBorder": "#ffffff1a",
        "welcomePage.tileHoverBackground": "#598DEF64",
        "widget.shadow": "#000",
    },
    "semanticHighlighting": false,
    // "semanticTokenColors": {
    //     "variable.parameter":{ "foreground": "","fontStyle": "" },
    // },
    "tokenColors": [
        //All Color Style & Comparison: Dark Style Light (Reason for separate classification of the same style)
        //#A78CFA bold #7C4DFF (In italic Bold : #A78CFA italic bold #7C4DFF)
        //#A78CFA bold
        //#A78CFA normal
        //#6495EE bold #437AED
        //#6495EE normal #437AED (In Italic : #6495EE Italic #437AED)
        //#6495EE normal
        //#56B7C3 normal #00BEC4 (In Italic : #56B7C3 Italic #00BEC4)
        //#56B7C3 normal
        //#F02B77 bold #FA278E
        //#FF6AB3 normal #EF8ED8 (In italic : #FF6AB3 italic #EF8ED8)
        //#FF6AB3 normal #EF8ED8
        //#FF9070 normal #FF6D12 (In Italic : #FF9070 Italic #FF6D12)
        //#FF9070 normal
        //#E4BF7F bold #F0AA0B (In Italic Bold: #E4BF7F italic bold #F0AA0B)
        //#E4BF7F normal #F0AA0B (In Italic : #E4BF7F Italic #F0AA0B)
        //#E4BF7F normal
        //#98C379 normal #53A053 (In Italic : #98C379 Italic #53A053)
        //#98C379 normal
        //#E06C75 normal #CD6069 (In Italic : #E06C75 Italic #CD6069)
        //#E06C75 normal #CD6069
        //#CF68E1 bold #C838C6 (In Italic : #CF68E1 Italic #C838C6)
        //#CF68E1 bold
        //#CF68E1 normal
        //#C57BDB normal (In italic : #C57BDB italic)
        //#C57BDB italic
        //#C57BDB normal
        //#B0B7C3 bold #5D5D5F (In Italic : #B0B7C3 Italic Bold #5D5D5F)
        //#B0B7C3 normal #5D5D5F (In Italic : #B0B7C3 Italic #5D5D5F)
        //#B0B7C3 normal
        //#B0B7C3 normal #626264
        //#838FA7 bold #5D5D5FD8
        //#838FA7 normal
        //#8A97C3 normal #888888 (In Italic : #8A97C3 Italic #888888)
        //#8A97C3 normal
        //#838FA7CC normal #888888D9
        //#8E99B1 normal #8E8E90 (In Italic : #8E99B1 Italic #8E8E90)
        //#8E99B1 normal #8E8E90
        //#8792AA normal #A0A1A7 (In Italic : #8792AA Italic #A0A1A7)
        //#8792AA normal #A0A1A7
        //#79859D normal #A0A1A7F2
        //#676E95 italic #A9A9AA
        //#676E95 normal
        //#676E95 underline
        //#4480F4 normal
        //#FF8A4C normal #FF6D12
        //#E51400 normal #EC0000
        //#E51400 bold
        //#A78CFA bold (In italic Bold : #A78CFA italic bold)
        {
            "name": "new | CSS from to,js from | Keyword | js module | ",
            "scope": "keyword.operator.new,keyword.other.new,storage.modifier.c,keyword.control.directive.define,keyword.control.def,keyword.control.class,keyword.control.module,keyword.control.new,keyword.preprocessor.define,keyword.control.directive.undef,keyword.other.fn,storage.type.rust,storage.modifier.extern,storage.modifier.const,storage.modifier.extends,storage.modifier.ts,keyword.control.at-rule,keyword.other.let,keyword.other.instance,keyword.other.newtype,keyword.other.data,keyword.other.module,keyword.other,keyword.other.preprocessor,keyword.cs,entity.other.keyframe-offset,keyword.control.import,keyword.other.import,keyword.import,keyword.control.from,keyword.control.directive.include,keyword.other.package,keyword.other.class,keyword.other.namespace,keyword.other.enum,keyword.other.operator-decl,keyword.other.interface,keyword.preprocessor,keyword.other.delegate,storage.type.cpp,storage.type.namespace,storage.type.language.primitive.cpp,storage.type.struct,storage.type.template,support.type.built-in.posix-reserved.pthread,keyword.other.typedef,storage.modifier.dart,meta.class.identifier.java storage.modifier.java,meta.enum.java storage.modifier.java,storage.type.modifier,storage.modifier,keyword.other.phpdoc,keyword.other.var,storage.modifier.java,meta.var.expr,storage.type.function,keyword.function,keyword.var,keyword.const,keyword.channel,keyword.struct,keyword.other.struct,keyword.map,keyword.reserved,storage.type.class,storage.type.php,storage.type.interface,storage.type.object,keyword.declaration,storage.type.enum,storage.type.type,storage.type.const,storage.modifier.specifier,storage.type.class.jsdoc,support.module.node.js,support.type.object.module.js,support.type.object.module.ts,support.module.node.ts,keyword.control.cite.latex,keyword.control.label.latex,keyword.storage.modifier,source.cs keyword.operator.expression,source.cs storage.type,keyword.other.where,storage.type.delegate,storage.type.operator.cs,keyword.operator.expression.unchecked,keyword.operator.expression.checked,keyword.operator.expression.await,storage.type.record,storage.type.event,storage.type.var,keyword.operator.expression.new,keyword.operator.expression.stackalloc,keyword.operator.expression.infer,keyword.other.item.latex,keyword.local,meta.function.lua keyword.control.lua,storage.type.annotation.lua,",
            "settings": {
                "fontStyle": "bold",
                "foreground": "#A78CFA"
            }
        },
        //#A78CFA bold
        {
            "name": "-> | $",
            "scope": "keyword.operator.arrow.skinny,keyword.operator.interpolation,keyword.operator.borrow,meta.preprocessor.cs punctuation.separator.hash.cs,punctuation.definition.directive,keyword.control.directive punctuation.definition.directive.c,keyword.control.directive punctuation.definition.directive.cpp,",
            "settings": {
                "fontStyle": "bold",
                "foreground": "#A78CFA"
            }
        },
        //#A78CFA normal
        {
            "name": "Tex: punctuation.definition.keyword",
            "scope": "punctuation.definition.block.tag.jsdoc,punctuation.definition.keyword.latex,keyword.control punctuation.definition.keyword.latex,keyword.other.item.latex punctuation.definition.keyword.latex,",
            "settings": {
                "fontStyle": "",
                "foreground": "#A78CFA"
            }
        },
        //#6495EE bold (In Italic : #6495EE Italic)
        {
            "name": "support.function | try...catch | Functions,pthread | 单独的函数,C++线程 | less sass里的自定义的代码块名 类似函数 | [VSCODE-CUSTOM] Markdown Link Title/Description | ",
            "scope": "meta.function-call,support.function.construct.output,invalid.deprecated.gradient.function.css,invalid.deprecated.function.css,support.function.builtin.python,support.function.go,entity.name.function.macro,meta.attribute.rust,new.expr meta.function-call support.class.builtin,new.expr meta.function-call support.class,keyword.operator.function,support.function.dom,support.function.console,support.function.any-method.builtin.url,support.function.any-method.builtin,support.function.url,support.function.misc,support.function.transform,support.function.calc,support.function.var,support.function.string,support.function.basic_functions,support.function.array,support.function.construct,support.function.datetime,support.function.file,support.function.network,support.function.session,support.function.mail,support.function.filter,support.function.errorfunc,support.function.mysql,support.function.php_odbc,support.function.xml,support.function.math,entity.name.type.lifetime.rust,entity.name.class,meta.method.declaration,keyword.control.trycatch,keyword.control.catch-exception,keyword.operator.cast,keyword.operator.big-arrow,entity.name.function,support.type.pthread,meta.block.class.cpp meta.body.class.cpp meta.block.class.cpp entity.name.function.definition.special.constructor.cpp,support.function,keyword.operator.sizeof,meta.function-call.python support.type.python,meta.function-call keyword.operator.expression.import,new.expr.ts,entity.other.attribute-name.class.mixin,support.function.be.latex,keyword.other.special-method,keyword.other.get,keyword.other.init,keyword.other.set,keyword.other.nameof,entity.name.type.delegate.cs,keyword.other.keyof,keyword.operator.expression.keyof,storage.type.accessor.get,storage.type.accessor.set,storage.type.accessor.init,keyword.operator.expression.nameof,keyword.operator.expression.sizeof,keyword.operator.expression.default,",
            "settings": {
                "fontStyle": "bold",
                "foreground": "#6495EE"
            }
        },
        //#6495EE normal (In Italic : #6495EE italic)
        {
            "name": "markdown link title",
            "scope": "string.other.link.title.markdown,string.other.link.description.markdown,",
            "settings": {
                "fontStyle": "",
                "foreground": "#6495EE"
            }
        },
        //#6495EE bold
        {
            "name": "arrow | 箭头函数 | ",
            "scope": "storage.type.function.arrow,keyword.operator.arrow,keyword.operator.closure,",
            "settings": {
                "fontStyle": "bold",
                "foreground": "#6495EE"
            }
        },
        //#6495EE normal
        {
            "name": "js template-expression;模板字符串里的${};vue里的{{}} | Markdown里引用块符号 > | [VSCODE-CUSTOM] Markdown List Punctuation Definition;Markdown里定义有序项和无序项的 - * + 1. 2. | Tex: punctuation definition Function | ",
            "scope": "punctuation.definition.template-expression.begin,punctuation.definition.template-expression.end,punctuation.definition.generic.begin.html,punctuation.definition.generic.end.html,punctuation.definition.interpolation.begin.bracket,punctuation.definition.interpolation.end.bracket,support.constant.handlebars.wxml,constant.character.format.placeholder.other.python,punctuation.definition.interpolation.begin.html,punctuation.definition.interpolation.end.html,punctuation.definition.interpolation,punctuation.definition.lifetime.rust,beginning.punctuation.definition.quote.markdown,beginning.punctuation.definition.list.markdown,punctuation.definition.string.begin.markdown,punctuation.definition.string.end.markdown,punctuation.definition.function.latex,punctuation.definition.function.tex,punctuation.definition.link.description.begin.markdown,punctuation.definition.link.description.end.markdown,punctuation.section.embedded.begin.ruby,punctuation.section.embedded.end.ruby source.ruby,",
            "settings": {
                "fontStyle": "",
                "foreground": "#6495EE"
            }
        },
        //#56B7C3 normal (In Italic : #56B7C3 Italic)
        {
            "name": "Attributes | pseudo-class;css里的伪类 hover等 和 伪类选择器 如nth-child() | Classes | ",
            "scope": "entity.other.attribute-name,invalid.deprecated.entity.other.attribute-name,entity.name.tag.custom.scss,storage.type.java,entity.other.attribute-name.pseudo-class.css,support.type.property-name.media.css,support.constant.media.css,source.css.less entity.name.tag.custom.css,keyword.operator.gradient.css,entity.name.type,keyword.operator.expression,entity.other.inherited-class,entity.name.type.class,support.class,entity.name.type.interface,support.class.dart,entity.name.scope-resolution,support.type.lua,",
            "settings": {
                "fontStyle": "",
                "foreground": "#56B7C3"
            }
        },
        //#56B7C3 normal
        {
            "name": "keyword Operators increment decrement | 关键字 运算符 + - * / | 自增++ 自减-- | += -= | less sass里的关键字(用于+ -号) | string operator in php | php的string操作符 | 定义namespace符号 | :: | .. | * | discard _ | ",
            "scope": "keyword.operator,keyword.operator.arithmetic,keyword.operator.decrement,keyword.operator.increment,keyword.operator.assignment.compound,keyword.operator.less,keyword.operator.sass,keyword.operator.increment-decrement,keyword.operator.css,entity.name.tag.wildcard.scss,keyword.operator.string,keyword.operator.bitwise,keyword.operator.assignment.augmented,storage.type.variable.ruby,keyword.operator.assignment.arithmetic,punctuation.definition.list.begin.markdown,variable.language.import-all,constant.language.import-export-all,storage.modifier.reference,storage.modifier.pointer,keyword.operator.assignment.rust,meta.directive.vue,punctuation.definition.quote.begin.markdown,meta.format.brace constant,meta.selector invalid.deprecated.combinator,meta.selector,storage.type.operator,entity.name.function.infix.haskell,constant.other.operator.infix.haskell,punctuation.separator.annotation.result.python,keyword.operator.string.php,entity.name.type.struct,keyword.interface,storage.type.cs,support.class.builtin,support.type.graphql,punctuation.separator.namespace,keyword.operator.namespace,entity.other.attribute-name.pseudo-element.css punctuation.definition.entity.css,entity.other.attribute-name.pseudo-class.css punctuation.definition.entity.css,punctuation.attribute-shorthand.event.html,punctuation.attribute-shorthand.bind.html,punctuation.math.operator.latex,support.constant.mathematical-symbols.scss,meta.attribute.directive.vue,keyword.operator.relation.types.julia,keyword.operator.borrow.and.rust,punctuation.separator.key-value.css,keyword.operator.range.cs,punctuation.separator.asterisk,variable.language.discard,punctuation.definition.keyword.tex,",
            "settings": {
                "fontStyle": "",
                "foreground": "#56B7C3"
            }
        },
        //#F02B77 bold
        {
            "name": "js ts this super,python self,C++ delete",
            "scope": "variable.language.self,variable.language.this,variable.language.super,variable.language.special.self.python,variable.language.dart,keyword.operator.delete,keyword.operator.expression.delete,keyword.other.important,keyword.other.base,variable.language.base,",
            "settings": {
                "fontStyle": "bold",
                "foreground": "#F02B77"
            }
        },
        //#FF6AB3 normal
        {
            "name": "typeof | support type ts | ts里默认数据类型 | 自定义数据类型 | Markdown里引用语言声明 | ",
            "scope": "support.type,storage.type.glsl,keyword.other.typeof,support.type.primitive,support.type.builtin,entity.name.type.instance,storage.type.string,storage.type.numeric,storage.type.boolean,storage.type.primitive,meta.method.identifier,entity.other.inherited-classentity.name.type.interface,meta.return.type,meta.type.parameters,keyword.interface,storage.type.generic,keyword.type,entity.name.type.type-parameter,storage.type.object.array,entity.name.type.delegate,storage.type.c,meta.declaration.dart,meta.type.declaration,meta.block.ts,meta.class-struct-block.cpp entity.name.type.cpp,meta.function.definition.parameters.cpp storage.type.language.primitive.cpp,meta.function.definition.parameters.cpp storage.type.struct.cpp,meta.function.constructor.cpp storage.type.language.primitive.cpp,storage.type.template.argument,entity.name.type.numeric.rust,storage.modifier.mut,entity.name.type.primitive,storage.type.built-in,support.type.built-in.posix-reserved,keyword.other.type,storage.type.haskell,meta.method.identifier.java storage.type.java,support.type.python,fenced_code.block.language,entity.name.type.parameter,keyword.operator.expression.typeof,",
            "settings": {
                "fontStyle": "",
                "foreground": "#FF6AB3"
            }
        },
        //#FF9070 normal (In Italic : #FF9070 Italic)
        {
            "name": "number,unit,数字 | 单位 | constant,非数字的常量 | enum枚举里的元素,Infinity | id,symbol in C# | HTML行间的id和CSS里的id名 | C#中预处理器指令创建符号常量 | URL,math | ",
            "scope": "constant.numeric,entity.other.keyframe-offset.percentage.css,keyword.other.unit,support.constant.dom,support.constant.property.math,support.constant.ext,support.constant.core,constant.other.js,meta.at-rule.keyframes.scss entity.other.attribute-name.scss,constant,variable.other.enummember,constant.other.enum,entity.name.variable.enum-member,constant.language.infinity,text.log constant.language,meta.attribute.id.html entity.other.attribute-name.html,entity.other.attribute-name.id,variable.other.constant.object,",
            "settings": {
                "fontStyle": "",
                "foreground": "#FF9070"
            }
        },
        //#FF9070 normal
        {
            "name": "正则字符串里的符号 | ",
            "scope": "constant.other.character-class.regexp,constant.other.character-class.range.regexp,constant.other.character-class.set.regexp,support.constant,support.constant.math,support.constant.json,entity.other.attribute-name.id.css punctuation.definition.entity.css,entity.other.attribute-name.id punctuation.definition.entity.css,",
            "settings": {
                "fontStyle": "",
                "foreground": "#FF9070"
            }
        },
        //#E4BF7F bold (In Italic Bold: #E4BF7F italic bold)
        {
            "name": "Markdown里的bold | ",
            "scope": "markup.bold.markdown,",
            "settings": {
                "fontStyle": "bold",
                "foreground": "#E4BF7F"
            }
        },
        //#E4BF7F normal (In Italic : #E4BF7F Italic)
        {
            "name": "variable.parameter,keyframe-list,sass,less里的变量 | css3里的关键帧 | Tex: \\label { } | markup bold | ",
            "scope": "variable.parameter,token.variable.parameter,variable.other.jsdoc,variable.language.arguments,function.parameter,entity.name.variable.parameter,meta.function.c,punctuation.vararg-ellipses,variable.other.block.ruby,meta.arguments,entity.name.type.template,meta.type.parameters entity.name.type,meta.parameters,meta.function.parameter variable.other,variable.other.less,variable.other.sass,variable.scss,source.sass variable.other,variable.argument.css,variable.parameter.function.latex,variable.parameter.definition.label.latex,variable.css,",
            "settings": {
                "fontStyle": "",
                "foreground": "#E4BF7F"
            }
        },
        //#E4BF7F normal
        {
            "name": "regexp ^ ?: $ + | ",
            "scope": "keyword.operator.negetion.regexp,keyword.control.anchor.regexp,punctuation.definition.group.capture.regexp,keyword.operator.quantifier.regexp,punctuation.definition.bold.markdown,",
            "settings": {
                "fontStyle": "",
                "foreground": "#E4BF7F"
            }
        },
        //#98C379 normal (In Italic : #98C379 Italic)
        {
            "name": "variable.parameter | css里url文件引用的链接 | Strings | Attribute class;css里的class名 | font-name | css里字体 如 微软雅黑 | [VSCODE-CUSTOM] Markdown Inline Raw | [VSCODE-CUSTOM] Markdown Link/Image | ",
            "scope": "variable.parameter.url,string,markup.inline.raw.string,text.html.vue-html meta.object-literal.key,text.html.vue-html meta.object-literal.key string.quoted,entity.other.attribute-name.class.css,selector.sass,entity.other.attribute-name.parent-selector.css,meta.at-rule.extend.scss,string.other.math.tex,support.constant.font-name,markup.inline.raw.markdown,markup.underline.link.markdown,markup.underline.link.image.markdown,string entity.other.attribute-name,string meta.attribute.directive.vue,constant.other.general.math.tex,constant.character.latex,",
            "settings": {
                "fontStyle": "",
                "foreground": "#98C379"
            }
        },
        //#98C379 normal
        {
            "name": "Regular Expressions;正则表达式 | ",
            "scope": "punctuation.definition.metadata.markdown,string.regexp,source.jsonmeta.structure.dictionary.json>value.json>string.quoted.json,source.jsonmeta.structure.array.json>value.json>string.quoted.json,source.jsonmeta.structure.dictionary.json>value.json>string.quoted.json>punctuation,source.jsonmeta.structure.array.json>value.json>string.quoted.json>punctuation,string.quoted source,punctuation.definition.entity.css,meta.attribute-selector.scss,string invalid.illegal,string.other.math.tex,punctuation.definition.string.begin.tex,punctuation.definition.string.end.tex,punctuation.definition.string,text.html.vue-html meta.object-literal.key punctuation.definition.string,string punctuation.attribute-shorthand.bind.html,string punctuation.attribute-shorthand.event.html,punctuation.definition.string.template.begin,punctuation.definition.string.template.end,punctuation.definition.constant.math.tex,punctuation.definition.constant.latex,",
            "settings": {
                "fontStyle": "",
                "foreground": "#98C379"
            }
        },
        //#E06C75 normal (In italic: #E06C75 italic)
        {
            "name": "module | 模块 | 对象属性名 | namespace | dom,C系语言的命名空间 | console输出台 | pseudo-element;css里的伪元素 before after | [VSCODE-CUSTOM] Markdown headings;Markdown里的标题 和 定义标题的# | section | ",
            "scope": "entity.name.type.module,entity.name.package,variable.other.property,variable.other.object.property,variable.other.constant.property,entity.name.type.option,entity.name.label,variable.other.object.property.cs,entity.name.variable.tuple-element.cs,meta.object-literal.key,meta.object-literal.key string.quoted,variable.object.property,support.type.map.key,meta.at-rule.each.scss,meta.attribute.python,support.variable.dom,support.variable.property,support.variable.property.dom,storage.modifier.import,constant.other.php,entity.name.type.namespace,variable.other.member.c,meta.using-namespace-declaration.cpp entity.name.type.cpp,meta.class-struct-block.cpp meta.namespace-block.cpp entity.name.type.cpp,variable.other.source.dart,entity.name.namespace,entity.name.module,entity.name.type.result.rust,entity.name.scope-resolution.namespace,support.class.console,meta.use.rust,keyword.other.preprocessor.extension,entity.other.attribute-name.pseudo-element.css,entity.name.section.markdown,markup.heading,source.json meta.structure.dictionary.json > string.quoted.json,support.type.property-name.json,support.function.section.latex,meta.object-literal.key punctuation.definition.string,variable.other.constant.object.property,source.cs storage.type.accessor,entity.other.attribute,",
            "settings": {
                "fontStyle": "",
                "foreground": "#E06C75"
            }
        },
        //#E06C75 normal
        {
            "name": "Tags;HTML的标签名 | react组件 | 正则表达式里的关键字 | ",
            "scope": "entity.name.tag,entity.other.attribute-name.parent-selector.css punctuation.definition.entity.css,punctuation.definition.heading.markdown,support.function.section.latex punctuation.definition.function.latex,punctuation.support.type.property-name.begin.json.comments,punctuation.support.type.property-name.end.json.comments,support.class.component,keyword.operator.optional,punctuation.section.embedded.begin.php,punctuation.section.embedded.end.php,punctuation.section.embedded.end.php source.php,string.regexp keyword.other,entity.name.tag.custom.css,keyword.control.equation.newline.latex,keyword.control.newline.tex,source.css meta.selector.css,",
            "settings": {
                "fontStyle": "",
                "foreground": "#E06C75"
            }
        },
        //#CF68E1 bold (In Italic : #CF68E1 Italic)
        {
            "name": "instanceof | Keyword Control,Using | Constant | 语言常量,包含 true false null undefined等 |  void | loop | ",
            "scope": "keyword.operator.expression.instanceof,keyword.operator.instanceof,keyword.operator.expression.in,keyword.operator.expression.of,keyword.control,keyword.other.using,keyword.preprocessor.elif,keyword.preprocessor.if,keyword.preprocessor.else,keyword.preprocessor.endif,keyword.control.directive,punctuation.separator.hash,keyword.package,keyword.control.flow,keyword.input,keyword.type.graphql,keyword.cmake,keyword.control.rust,keyword.other.rust,keyword.control.default,keyword.control.export,keyword.other.forall,keyword.other.deriving,keyword.other.qualified,keyword.other.hiding,keyword.other.in,constant.language,constant.language.boolean,keyword.operator.expression.void,keyword.control.loop,keyword.control.ref.latex,keyword.operator.relation.in,storage.type.primitive.dart,keyword.query,keyword.other.is,keyword.control.as,keyword.operator.expression.pattern,keyword.operator.expression.query,keyword.operator.expression.as,keyword.operator.expression.with,storage.modifier.where,keyword.operator.expression.is,meta.attribute.unrecognized.wx:if.html entity.other.attribute-name,meta.attribute.unrecognized.wx:for.html entity.other.attribute-name,meta.attribute.unrecognized.wx:elif.html entity.other.attribute-name,meta.attribute.unrecognized.wx:else.html entity.other.attribute-name,keyword.control.preamble.latex,support.function.general.tex,",
            "settings": {
                "fontStyle": "bold",
                "foreground": "#CF68E1"
            }
        },
        //#CF68E1 bold
        {
            "name": "keyword Operators ternary,logical,comparison,relational,tilde | 三元运算符 ? : | logical | == === != !== | < > <= >= | 正则表达式里的 或| | 波浪号~",
            "scope": "keyword.operator.boolean,keyword.operator.relation,keyword.operator.ternary,keyword.control.ternary,keyword.operator.logical,keyword.operator.comparison,keyword.operator.relational,keyword.operator.or.regexp,keyword.operator.class,keyword.operator.type,keyword.operator.other.ruby,keyword.operator.conditional,punctuation.separator.question-mark,keyword.operator.null-coalescing,punctuation.tilde,punctuation.separator.pointer-access,keyword.operator.dart,keyword.operator.nulltype,keyword.operator.arrow.haskell,keyword.operator.arrow.left.haskell,keyword.control.directive punctuation.definition.directive,keyword.control.equation.align.latex,keyword.operator.bitwise.dart,keyword.control.directive.conditional punctuation.definition.directive.cpp,keyword.control.directive.else punctuation.definition.directive.cpp,keyword.control.directive.endif punctuation.definition.directive.cpp, keyword.control.directive.conditional punctuation.definition.directive.c,keyword.control.directive.else punctuation.definition.directive.c,keyword.control.directive.endif punctuation.definition.directive.c,",
            "settings": {
                "fontStyle": "bold",
                "foreground": "#CF68E1"
            }
        },
        //#CF68E1 normal
        {
            "name": "Tex punctuation",
            "scope": "keyword.other.item.latex punctuation.definition.keyword.latex,token.debug-token,keyword.control punctuation.definition.function.latex,support.function.general.tex punctuation.definition.function.tex,",
            "settings": {
                "fontStyle": "",
                "foreground": "#CF68E1"
            }
        },
        //#C57BDB normal (In italic : #C57BDB italic)
        {
            "name": "support.constant.property-value.scss | css属性值常量 block inline inline-block none solid等 | ",
            "scope": "support.constant.property-value.scss,support.constant.property-value.css,support.constant.vendored.property-value.css,source.css keyword.other.default,",
            "settings": {
                "fontStyle": "",
                "foreground": "#C57BDB"
            }
        },
        //#C57BDB italic
        {
            "name": "Italic;Markdown里的斜体字 | ",
            "scope": "markup.italic",
            "settings": {
                "fontStyle": "italic",
                "foreground": "#C57BDB"
            }
        },
        //#C57BDB normal
        {
            "name": "Markdown里的定义斜体字的符号",
            "scope": "punctuation.definition.italic,",
            "settings": {
                "fontStyle": "",
                "foreground": "#C57BDB"
            }
        },
        //#B0B7C3 bold
        {
            "name": "latex bold",
            "scope": "markup.bold.textbf.latex,",
            "settings": {
                "fontStyle": "bold",
                "foreground": "#B0B7C3"
            }
        },
        //#B0B7C3 normal (In Italic : #B0B7C3 Italic)
        {
            "name": "Variable | 变量 | css color standard name;css 颜色名词 red orange pink plum 等 | Tex: Constant Math | ",
            "scope": "variable.other,support.variable,meta.definition.variable,variable.other.object,variable.other.readwrite,entity.name.type.enum,meta.method.body,entity.name.variable,meta.block.c,meta.class-struct-block,meta.item-access.python,meta.function-call.arguments.python,meta.item-access.arguments.python,variable.parameter.keyframe-list.css,meta.property-value.css,meta.property-value.scss,entity.name.tag.custom,entity.name.function.scss,variable,meta.function-call.c,meta.parens,support.constant.color.w3c-standard-color-name,support.constant.color.w3c-extended-color-name,constant.other.color.rgb-value.hex,constant.other.rgb-value,support.constant.color.w3c-extended-color-name.css,text.tex.latex constant.other.math.tex,constant.other.general.math.tex,constant.other.general.math.tex,constant.character.math.tex,constant.other.reference.citation.latex,code-runner.output,meta.preprocessor.macro entity.name.function.preprocessor,entity.name.type.enum,entity.name.variable.tuple-element,",
            "settings": {
                "fontStyle": "",
                "foreground": "#B0B7C3"
            }
        },
        //#B0B7C3 normal (In Light : #5D5D5F)
        {
            "name": "Tex: Math \\\\",
            "scope": "punctuation.definition.constant.math.tex,constant.other.math.tex punctuation.definition.function.tex,support.class.math.block.environment.latex punctuation.definition.function.tex,source,source.c,source.cpp,source.ruby,source.go,source.dart,source.python,source.css.less,source.js,punctuation.definition.link.title.begin.markdown,punctuation.definition.link.title.end.markdown,",
            "settings": {
                "fontStyle": "",
                "foreground": "#B0B7C3"
            }
        },
        //#B0B7C3 normal (In Light : #626264)
        {
            "name": "text;HTML标签里的文字;Markdown里书写的普通文字",
            "scope": "text.html.basic,text.html.markdown,meta.paragraph.markdown,text.html.php,text.html.derivative,text.html.wxml,text.xml,text.html,source.ignore,source.nginx,text,text.tex.latex,entity.name.section.latex,",
            "settings": {
                "fontStyle": "",
                "foreground": "#B0B7C3"
            }
        },
        //#838FA7 bold
        {
            "name": "Punctuation accessor 点号 .",
            "scope": "keyword.operator.dots,punctuation.accessor,punctuation.separator.period,punctuation.separator.dot-access,punctuation.separator.method,punctuation.other.period,punctuation.dot,meta.delimiter.property.period,keyword.operator.access.dot,keyword.operator.period",
            "settings": {
                "fontStyle": "bold",
                "foreground": "#838FA7"
            }
        },
        //#838FA7 normal
        {
            "name": "meta.parameters;scope值不规则的点. 引号 | keyword Operators assignment;等号 = (不包括HTML标签里的=号,把+= -=包含进来了,然后单独设) | block,embedded,definition,bracket,typeparameters;大括号 {},中括号[],圆括号(),尖括号<> | ",
            "scope": "keyword.operator.update,meta.bracket,meta.parameters.js,keyword.operator.assignment,keyword.operator.assignment.equal,keyword.operator.eq,punctuation.section.block.begin.bracket,punctuation.section.block.end.bracket,punctuation.definition.block,punctuation.section.embedded.begin,punctuation.section.embedded.end,meta.brace,punctuation.bracket,punctuation.definition.parameters.ruby,punctuation.definition.parameters.begin,punctuation.definition.parameters.end,punctuation.section.function.begin.bracket,punctuation.section.function.end.bracket,punctuation.definition.typeparameters.begin,punctuation.definition.typeparameters.end,punctuation.section.array.end,punctuation.section.array.begin,punctuation.definition.array.end,punctuation.definition.array.begin,punctuation.section.scope.end,punctuation.section.scope.begin,meta.parameter.object-binding-pattern,punctuation.definition.binding-pattern.object,punctuation.definition.arguments.end,punctuation.definition.arguments.begin,punctuation.definition.begin.bracket,punctuation.definition.end.bracket,punctuation.curlybrace.open,punctuation.curlybrace.close,punctuation.parenthesis.open,punctuation.parenthesis.close,punctuation.squarebracket.open,,punctuation.squarebracket.close,punctuation.section.method.begin,punctuation.section.method.end,punctuation.section.class.begin,punctuation.section.class.end,punctuation.section.enum.begin,punctuation.section.enum.end,punctuation.section.parameters.begin.bracket,punctuation.section.parameters.end.bracket,punctuation.section.parens.begin.bracket,punctuation.section.parens.end.bracket,punctuation.section.arguments.begin.bracket,punctuation.section.arguments.end.bracket,punctuation.separator.arguments,punctuation.section.function.ruby,punctuation.definition.dictionary.begin,punctuation.definition.dictionary.end,punctuation.separator.dictionary.pair,punctuation.separator.array,punctuation.definition.map.begin.bracket,punctuation.definition.map.end.bracket,punctuation.section.function,punctuation.definition.parameters.end.bracket,punctuation.definition.parameters.begin.bracket,punctuation.section.property-list.begin.bracket,punctuation.section.property-list.end.bracket,punctuation.definition.list.begin,punctuation.definition.list.end,punctuation.definition.binding-pattern.array,punctuation.section.embedded.begin.ruby source.ruby,source.cs,punctuation.definition.function.body.begin.bracket,punctuation.definition.function.body.end.bracket,punctuation.definition.modules.begin,punctuation.definition.modules.end,constant.character.brace,punctuation.operation.graphql,punctuation.definition.optional.arguments.begin,punctuation.definition.optional.arguments.end,punctuation.definition.brackets,punctuation.math.begin.bracket,punctuation.math.end.bracket,punctuation.section.angle-brackets,keyword.operator.delete.array.bracket,punctuation.brackets.round,punctuation.brackets.curly,punctuation.brackets.square,punctuation.brackets.attribute,punctuation.definition.attribute,punctuation.brackets,punctuation.definition.bracket,punctuation.definition.character-class.regexp,meta.preprocessor.haskell,punctuation.paren,punctuation.brace,punctuation.parenthesis.begin,punctuation.parenthesis.end,punctuation.section.group.tex,punctuation.definition.arguments.begin.latex,punctuation.definition.arguments.end.latex,punctuation.definition.arguments.latex,meta.group.braces.tex,punctuation.math.begin.bracket.curly,punctuation.math.end.bracket.curly,punctuation.definition.begin.entity,punctuation.definition.end.entity,punctuation.separator.operator,punctuation.definition.arguments.begin,punctuation.definition.arguments.end,punctuation.definition.textit.begin,punctuation.definition.textit.end,punctuation.definition.textbf.begin,punctuation.definition.textbf.end,punctuation.definition.parameters.finish,",
            "settings": {
                "fontStyle": "",
                "foreground": "#838FA7"
            }
        },
        //#8A97C3 normal (In Italic : #8A97C3 Italic)
        {
            "name": "css Support type;css less sass属性名 如果不填就与support.type同色 | Tex: text | ",
            "scope": "support.type.property-name.css,support.type.vendored.property-name.css,meta.at-rule.each.scss support.constant.property-value.css,source.css.scss,meta.text.normal.tex,meta.function.environment.frame.latex,meta.tag meta.attribute entity.name.label,meta.property-value.css support.type.property-name.media.css,",
            "settings": {
                "fontStyle": "",
                "foreground": "#8A97C3"
            }
        },
        //#8A97C3 normal
        {
            "name": "escape;转义字符 | ",
            "scope": "constant.character.escape,constant.character.entity,",
            "settings": {
                "fontStyle": "",
                "foreground": "#8A97C3"
            }
        },
        //#838FA7CC normal
        {
            "name": "curly;CSS里的括号 {} [] ()",
            "scope": "meta.brace.round.css,punctuation.section.property-list.begin.bracket.curly.css,punctuation.section.property-list.end.bracket.curly.css,punctuation.section.function.begin.bracket.round.css,punctuation.section.function.end.bracket.round.css,punctuation.section.media.begin.bracket.curly.css,punctuation.section.media.end.bracket.curly.css,punctuation.definition.parameters.begin.bracket.round.css,punctuation.definition.parameters.end.bracket.round.css,punctuation.section.keyframes.begin.bracket.curly.css,punctuation.section.keyframes.end.bracket.curly.css,punctuation.definition.entity.end.bracket.square.css,punctuation.definition.entity.begin.bracket.square.css,punctuation.section.property-list.begin.bracket.curly.scss,punctuation.section.property-list.end.bracket.curly.scss,punctuation.section.function.scss,punctuation.definition.attribute-selector.begin.bracket.square.scss,punctuation.definition.attribute-selector.end.bracket.square.scss,punctuation.definition.pseudo-class.begin.bracket.round.css,punctuation.definition.pseudo-class.end.bracket.round.css,punctuation.definition.begin.entity.css,punctuation.definition.end.entity.css,",
            "settings": {
                "fontStyle": "",
                "foreground": "#838FA7CC"
            }
        },
        //#8E99B1 normal (In Italic : #8E99B1 italic)
        {
            "scope": "variable.parameter.url.scss,",
            "settings": {
                "fontStyle": "",
                "foreground": "#8E99B1"
            }
        },
        //#8E99B1 normal
        {
            "name": "Punctuation colon 冒号 : | PHP里的 => 类似JS里的对象里的冒号: | ",
            "scope": "keyword.operator.range,punctuation.separator.key-value,keyword.operator.type.annotation,punctuation.definition.section.case-statement,punctuation.separator.colon,punctuation.separator.other,punctuation.definition.parameters,punctuation.definition.constant.ruby,punctuation.separator.dictionary.key-value,punctuation.section.function.begin.python,meta.property-list.css.sass,sass-script-maps,punctuation.colon,punctuation.separator.initializers,keyword.operator.key-value,punctuation.separator.label,keyword.operator.colon,punctuation.separator.annotation.python,source.ts.embedded.html meta.block.ts,keyword.operator.key.php,keyword.operator.arrow.julia,keyword.operator.ternary.dart,meta.property-list.css punctuation.separator.key-value.css,source.css.embedded.html punctuation.separator.key-value.css,source.css.embedded.html punctuation.attribute-shorthand.bind.html,punctuation.destructuring,",
            "settings": {
                "fontStyle": "",
                "foreground": "#8E99B1"
            }
        },
        {
            "name": "Illegal;非法的 | Broken | Deprecated;不赞成的 | ",
            "scope": "invalid.illegal,invalid.illegal.expected-dictionary-separator.json,invalid.broken,invalid.deprecated,",
            "settings": {
                "fontStyle": "",
                "foreground": "#8E99B1"
            }
        },
        //#8792AA normal (In Italic : #8792AA italic)
        {
            "name": "jsx里的文字 | ",
            "scope": "meta.jsx.children,",
            "settings": {
                "fontStyle": "",
                "foreground": "#8792AA"
            }
        },
        //#8792AA normal
        {
            "name": "punctuation;html标签里的</> = | punctuation.definition.markdown;Markdown里引用块符号 ``` | ",
            "scope": "punctuation.definition.tag,meta.tag.inline.any,meta.tag.block.any,meta.tag.any ,meta.tag.structure.any,meta.tag.metadata.script,punctuation.definition.tag.begin,punctuation.definition.tag.end,meta.tag.preprocessor.xml,punctuation.separator.key-value.html,meta.tag.metadata.style.html,meta.tag.attributes.js keyword.operator.assignment,meta.tag.other.html,meta.tag.inline.any.html source.directive.vue meta.brace,punctuation.definition.tag.begin source.js,punctuation.definition.tag.end source.js,punctuation.definition.tag source,source.vue,meta.attribute-selector.scss keyword.operator.scss,punctuation.separator.equals,meta.tag.svg,text.xml.svg meta.tag.style,punctuation.definition.markdown,meta.tag keyword.operator.assignment,meta.tag.xml,punctuation.separator.operator.css,",
            "settings": {
                "fontStyle": "",
                "foreground": "#8792AA"
            }
        },
        //#79859D normal
        {
            "name": "Punctuation comma 逗号 ,",
            "scope": "punctuation.separator.comma,punctuation.separator.delimiter,punctuation.separator.list.comma,punctuation.separator.parameter,meta.array.php,punctuation.separator.parameters,punctuation.separator.arguments.python,punctuation.separator.object,meta.function.method.with-arguments.ruby,punctuation.comma,punctuation.separator.element.python,comment.punctuation.comma.sass,meta.at-rule.keyframes.body.css,meta.delimiter.object.comma,punctuation.other.comma,meta.math.block.latex support.function.general.tex,",
            "settings": {
                "fontStyle": "",
                "foreground": "#79859D"
            }
        },
        //#676E95 italic
        {
            "name": "comment | 注释",
            "scope": "comment,comment markup.link,punctuation.definition.comment,markup.quote.markdown,meta.preprocessor.glsl,",
            "settings": {
                "fontStyle": "italic",
                "foreground": "#676E95"
            }
        },
        //#676E95 normal
        {
            "name": "Punctuation Terminator 分号 ; | Punctuation Definition Comment | 注释的定义符号 // /* */ | css里未写完整的属性名 | Markdown里引用块符号 ```",
            "scope": "punctuation.terminator,punctuation.terminator.statement,punctuation.terminator.rule,punctuation.terminator.expression,punctuation.separator.statement,meta.using-namespace-declaration.cpp,invalid.deprecated.semicolon,constant.character.end,punctuation.semi,punctuation.definition.comment,meta.property-name.css,meta.property-list.css,",
            "settings": {
                "fontStyle": "",
                "foreground": "#676E95"
            }
        },
        //#676E95 underline
        {
            "name": "Illegal | 无效的 | Unimplemented | 未生效的",
            "scope": "invalid,invalid.unimplemented,",
            "settings": {
                "fontStyle": "underline",
                "foreground": "#676E95"
            }
        },
        //#4480F4 normal
        {
            "scope": "log.info,token.info-token,",
            "settings": {
                "fontStyle": "",
                "foreground": "#4480F4"
            }
        },
        //#FF8A4C normal
        {
            "scope": "token.warn-token,log.warning",
            "settings": {
                "fontStyle": "",
                "foreground": "#FF8A4C"
            }
        },
        //#E51400 normal
        {
            "scope": "token.error-token,log.error,",
            "settings": {
                "fontStyle": "",
                "foreground": "#E51400"
            }
        },
        //#E51400 normal
        {
            "scope": "keyword.other.debugger",
            "settings": {
                "fontStyle": "bold",
                "foreground": "#E51400"
            }
        },
        {
            "name": "diff",
            "scope": "meta.diff.range.unified,meta.diff.header.from-file,meta.diff.header.to-file,punctuation.definition.from-file.diff,punctuation.definition.to-file.diff",
            "settings": {
                "foreground": "#A78CFA"
            }
        },
        {
            "name": "inserted.diff",
            "scope": "markup.inserted.diff",
            "settings": {
                "foreground": "#4EC150"
            }
        },
        {
            "name": "deleted.diff",
            "scope": "markup.deleted.diff",
            "settings": {
                "foreground": "#F14C4C"
            }
        },
    ]
}